it,K_err,q1,q2,q3,q4
0,13.33511756,10.0,10.0,10.0,10.0
1,12.20493921,14.1576,14.1576,5.8424,14.1576
2,11.21800503,17.8039,17.8039,9.4886,17.8039
3,10.58608581,20.5582,20.5582,12.243,20.5582
4,10.58447628,20.4233,20.6931,12.3779,20.4233
5,10.58325351,20.3057,20.8107,12.4955,20.3057
6,10.06101625,22.7119,23.217,14.9018,17.8994
7,9.6471912,24.7946,25.2997,16.9845,15.8167
8,9.64694945,24.8443,25.25,16.9348,15.767
9,9.31594301,26.6703,27.076,18.7607,17.593
10,9.00248517,28.4073,28.8129,17.0238,19.3299
11,9.00078009,28.5341,28.6861,16.8969,19.2031
12,8.73484494,30.1058,30.2577,15.3253,20.7747
13,8.44889739,31.7087,31.8607,16.9283,19.1718
14,8.44708115,31.8352,31.7342,16.8017,19.0452
15,8.24909755,33.1503,33.0493,18.1168,20.3603
16,8.24898879,33.1198,33.0798,18.1473,20.3298
17,8.24616206,32.9641,33.2355,17.9916,20.1741
18,8.07558055,34.1691,34.4405,19.1966,21.3791
19,7.80573602,35.6579,35.9293,17.7078,19.8903
20,7.56260228,37.0478,37.3193,16.3179,18.5004
21,7.34381817,38.3463,38.6177,15.0194,17.2019
22,7.34315635,38.2752,38.6887,14.9484,17.1309
23,7.1610713,39.4458,39.8593,16.1189,15.9604
24,7.15996784,39.5363,39.7688,16.0284,15.8699
25,6.99914167,40.6225,40.855,17.1146,14.7836
26,6.99893544,40.6611,40.8164,17.076,14.8222
27,6.998022,40.7425,40.735,16.9947,14.7408
28,6.83324956,41.8289,41.8215,15.9082,15.8273
29,6.68769043,42.838,42.8305,16.9173,14.8182
30,6.68748494,42.8002,42.8682,16.8795,14.856
31,6.52169512,43.8628,43.9308,15.817,13.7934
32,6.52148916,43.8254,43.9682,15.7796,13.8308
33,6.52107292,43.8784,43.9152,15.7266,13.7778
34,6.40219449,44.7712,44.8079,16.6194,14.6705
35,6.29780642,45.5998,45.6365,17.448,15.4991
36,6.29764693,45.5675,45.6688,17.4157,15.5314
37,6.18360955,46.4242,46.5254,18.2724,14.6747
38,6.18306997,46.3655,46.5842,18.2137,14.7334
39,6.05069681,47.2793,47.498,17.2999,15.6472
40,5.96839667,47.994,48.2127,18.0146,16.3619
41,5.96831212,47.9712,48.2355,17.9918,16.3848
42,5.96821073,47.9962,48.2106,17.9669,16.4097
43,5.96813656,47.9748,48.232,17.9455,16.4311
44,5.89489968,48.6442,48.9014,18.6149,17.1005
45,5.7850018,49.4566,49.7138,17.8025,17.9129
46,5.72335895,50.0611,50.3183,18.407,18.5173
47,5.71744653,50.2475,50.1319,18.2206,18.331
48,5.56774195,51.1781,51.0625,17.29,17.4004
49,5.50943905,51.7547,51.6391,17.8666,17.977
50,5.36851168,52.641,52.5254,16.9803,17.0907
51,5.36444926,52.4913,52.6751,16.8306,16.941
52,5.36080649,52.3497,52.8168,16.689,16.7994
53,5.27169859,53.0473,53.5144,17.3866,16.1017
54,5.14584415,53.8671,54.3342,16.5669,15.2819
55,5.14574278,53.8902,54.3111,16.5437,15.305
56,5.1456512,53.9122,54.2891,16.5218,15.327
57,5.14313322,53.7968,54.4045,16.4064,15.2116
58,5.14037639,53.9176,54.2838,16.2857,15.0909
59,5.1381578,53.8093,54.392,16.1774,14.9827
60,5.07984648,54.3633,54.946,16.7314,15.5367
61,5.07974716,54.386,54.9233,16.7087,15.5594
62,4.96344113,55.1598,55.697,15.9349,14.7857
63,4.90865597,55.6875,56.2248,16.4626,15.3134
64,4.90595424,55.5708,56.3415,16.3459,15.1967
65,4.82508864,56.2065,56.9772,15.7103,15.8324
66,4.82260331,56.0956,57.0881,15.5993,15.7214
67,4.77416072,56.5846,57.5772,16.0884,16.2105
68,4.7711698,56.4636,57.6982,15.9673,16.0895
69,4.77111395,56.4802,57.6817,15.9839,16.0729
70,4.76840281,56.3649,57.7969,15.8687,15.9577
71,4.76596348,56.2557,57.9061,15.7594,15.8484
72,4.69244213,56.8531,58.5036,16.3568,15.251
73,4.62530626,57.4197,59.0701,16.9234,14.6844
74,4.62285307,57.3118,59.178,16.8155,14.5765
75,4.62233963,57.3611,59.1287,16.7662,14.6258
76,4.54569738,57.9616,59.7292,16.1657,15.2263
77,4.54569223,57.9665,59.7243,16.1706,15.2214
78,4.54568763,57.9711,59.7197,16.1753,15.2168
79,4.50490391,58.4067,60.1552,16.6108,15.6524
80,4.50185531,58.2881,60.2739,16.4922,15.5337
81,4.4991014,58.1753,60.3866,16.3794,15.421
82,4.4609027,58.5947,60.806,16.7988,15.8403
83,4.39411734,59.1452,61.3566,16.2482,16.3909
84,4.39396483,59.1715,61.3303,16.2745,16.3646
85,4.39068977,59.05,61.4518,16.153,16.2432
86,4.32745233,59.5816,61.9833,16.6846,15.7116
87,4.32145657,59.7446,61.8203,16.5216,15.5486
88,4.32122797,59.7764,61.7885,16.4898,15.5804
89,4.32101956,59.8068,61.7582,16.4594,15.6107
90,4.31791486,59.6895,61.8754,16.3422,15.4935
91,4.31769543,59.7207,61.8443,16.3111,15.5246
92,4.22094998,60.3708,62.4944,15.6609,14.8745
93,4.21681872,60.5045,62.3607,15.5272,14.7408
94,4.15455981,61.0215,62.8777,15.0102,15.2578
95,4.15452376,61.0339,62.8653,14.9978,15.2702
96,4.11949011,61.4198,63.2512,15.3837,15.6561
97,4.11478548,61.5607,63.1103,15.2428,15.5152
98,4.08229737,61.9305,63.4801,15.6126,15.885
99,4.02780922,62.4063,63.9559,15.1368,16.3608
100,4.02751493,62.4412,63.921,15.1717,16.3259
101,3.96873407,62.9319,64.4118,15.6624,15.8352
102,3.94178344,63.2626,64.7425,15.9932,16.1659
103,3.85157805,63.8621,65.342,15.3937,15.5664
104,3.85150238,63.8794,65.3247,15.411,15.5491
105,3.80129919,64.323,65.7682,14.9674,15.9927
106,3.74763151,64.7785,66.2238,15.4229,15.5372
107,3.69958675,65.2065,66.6518,14.9949,15.9652
108,3.67655533,65.5017,66.947,15.2901,16.2604
109,3.63321944,65.9043,67.3496,14.8874,16.663
110,3.59331473,66.2885,67.7337,14.5033,17.0472
111,3.5891861,66.1652,67.8569,14.3801,16.924
112,3.50917617,66.704,68.3957,13.8414,16.3853
113,3.50902482,66.6807,68.419,13.8647,16.362
114,3.43414678,67.1962,68.9345,13.3492,15.8464
115,3.36424876,67.6891,69.4274,12.8562,15.3535
116,3.36328063,67.7469,69.3696,12.9141,15.2957
117,3.33847491,68.039,69.6617,13.2062,15.5878
118,3.30493837,68.3768,69.9994,12.8684,15.9256
119,3.25243191,68.7968,70.4194,13.2884,15.5056
120,3.25021811,68.7109,70.5053,13.2025,15.4197
121,3.20170274,69.1113,70.9057,13.6029,15.0193
122,3.20123771,69.1504,70.8666,13.642,14.9802
123,3.19724383,69.2648,70.7522,13.5276,14.8659
124,3.19513782,69.1818,70.8353,13.4446,14.7828
125,3.13213437,69.6332,71.2867,12.9931,14.3313
126,3.13079709,69.5677,71.3522,12.9276,14.2658
127,3.12810577,69.6606,71.2594,12.8347,14.1729
128,3.07071885,70.0872,71.6859,12.4081,13.7464
129,3.0702684,70.1249,71.6482,12.4458,13.7087
130,3.06986435,70.1606,71.6125,12.4815,13.673
131,3.06950191,70.1944,71.5787,12.5153,13.6392
132,3.02660355,70.5605,71.9449,12.8815,13.273
133,2.98729453,70.9086,72.293,13.2296,12.9249
134,2.96311942,71.1804,72.5647,13.5013,13.1967
135,2.92615041,71.5144,72.8987,13.1673,13.5307
136,2.9049312,71.7664,73.1507,13.4193,13.7826
137,2.86857073,72.0942,73.4786,13.7472,13.4547
138,2.86565636,72.1867,73.3861,13.6547,13.3622
139,2.86395682,72.1161,73.4567,13.5841,13.2916
140,2.86138096,72.203,73.3698,13.4972,13.2047
141,2.80876954,72.5936,73.7604,13.1066,12.8141
142,2.78716473,72.8427,74.0095,13.3557,13.0633
143,2.78711252,72.8549,73.9973,13.3435,13.0755
144,2.76752548,73.0912,74.2335,13.5798,13.3117
145,2.76747814,73.1027,74.222,13.5682,13.3233
146,2.76743485,73.1138,74.2109,13.5571,13.3344
147,2.76565883,73.0429,74.2818,13.4862,13.2634
148,2.76404554,72.9753,74.3494,13.4186,13.1958
149,2.74548813,73.2043,74.5784,13.6476,13.4248
150,2.74247304,73.2963,74.4864,13.5556,13.3328
151,2.74242868,73.3075,74.4752,13.5444,13.344
152,2.73969592,73.3951,74.3877,13.4569,13.2564
153,2.7372122,73.4785,74.3042,13.3734,13.1729
154,2.70547359,73.776,74.6016,13.6708,12.8755
155,2.70320046,73.8553,74.5223,13.5915,12.7961
156,2.66866465,74.1636,74.8305,13.2832,13.1044
157,2.66700361,74.0962,74.8979,13.2159,13.037
158,2.66549523,74.032,74.9621,13.1517,12.9728
159,2.6634708,74.1063,74.8877,13.0774,12.8985
160,2.63161538,74.4003,75.1817,12.7834,13.1924
161,2.60237799,74.6802,75.4616,12.5035,13.4724
162,2.56837935,74.9803,75.7617,12.8035,13.1723
163,2.5683188,74.9929,75.749,12.8162,13.1597
164,2.56831865,74.9923,75.7497,12.8168,13.1591
165,2.5223786,75.3381,76.0955,12.471,12.8133
166,2.52140676,75.288,76.1456,12.4209,12.7632
167,2.52134238,75.3009,76.1327,12.4338,12.7503
168,2.51993638,75.3611,76.0724,12.3736,12.69
169,2.51866152,75.4185,76.015,12.3162,12.6326
170,2.51785613,75.3729,76.0606,12.2706,12.587
171,2.51673843,75.4266,76.0069,12.2169,12.5334
172,2.5167375,75.4251,76.0085,12.2184,12.5318
173,2.48591778,75.7061,76.2896,12.4995,12.2507
174,2.45767637,75.9736,76.557,12.767,11.9833
175,2.42626678,76.254,76.8374,12.4866,12.2636
176,2.42517655,76.306,76.7853,12.4346,12.2116
177,2.42517653,76.3058,76.7856,12.4343,12.2118
178,2.4061481,76.523,77.0028,12.6515,12.429
179,2.40509187,76.472,77.0538,12.6005,12.378
180,2.37672852,76.7355,77.3174,12.3369,12.6416
181,2.34829994,76.9978,77.5797,12.5992,12.3793
182,2.3482998,76.9984,77.5791,12.5998,12.3787
183,2.32083383,77.2547,77.8354,12.3435,12.635
184,2.32083323,77.2535,77.8366,12.3447,12.6338
185,2.28175387,77.5568,78.1398,12.0415,12.3305
186,2.25689041,77.7972,78.3803,11.801,12.571
187,2.22828506,78.0536,78.6366,12.0574,12.3146
188,2.22828481,78.0528,78.6374,12.0582,12.3138
189,2.21169457,78.2472,78.8318,12.2526,12.5082
190,2.18589453,78.4883,79.0729,12.4936,12.2672
191,2.16220631,78.7179,79.3025,12.7233,12.0375
192,2.16111821,78.6689,79.3516,12.6742,11.9885
193,2.14656955,78.8481,79.5309,12.8535,12.1678
194,2.14654755,78.8412,79.5378,12.8465,12.1747
195,2.12507815,79.0579,79.7545,13.0632,11.958
196,2.11219959,79.2251,79.9218,13.2305,12.1253
197,2.11210883,79.2111,79.9358,13.2165,12.1393
198,2.11190147,79.2323,79.9147,13.1953,12.1605
199,2.11182455,79.2194,79.9276,13.1824,12.1734
200,2.07380991,79.5045,80.2127,12.8973,11.8882
201,2.03840299,79.7773,80.4855,12.6245,11.6154
202,2.03832357,79.7644,80.4984,12.6116,11.6283
203,2.03812803,79.7846,80.4782,12.5914,11.6485
204,2.03697659,79.8337,80.4292,12.5424,11.5995
205,2.03680712,79.8524,80.4104,12.5236,11.6183
206,2.03665224,79.8704,80.3925,12.5056,11.6362
207,2.02243034,80.0425,80.5645,12.6777,11.8083
208,2.02135927,79.9954,80.6116,12.6306,11.7612
209,1.98801021,80.2568,80.8731,12.3692,11.4998
210,1.98736019,80.2205,80.9095,12.3328,11.4634
211,1.98719692,80.2387,80.8912,12.3146,11.4816
212,1.98633306,80.2806,80.8493,12.2726,11.4397
213,1.96142542,80.505,81.0737,12.0482,11.6641
214,1.9613801,80.5146,81.0642,12.0387,11.6736
215,1.96137664,80.5119,81.0668,12.036,11.6763
216,1.96133577,80.521,81.0578,12.027,11.6853
217,1.96129843,80.5296,81.0491,12.0183,11.694
218,1.93114003,80.7746,81.2941,11.7733,11.449
219,1.91554117,80.9501,81.4696,11.9488,11.6245
220,1.8956501,81.1472,81.6667,12.1458,11.4274
221,1.88180689,81.3109,81.8304,12.3096,11.5912
222,1.85893144,81.5203,82.0398,12.1003,11.8005
223,1.83986515,81.7103,82.2298,12.2903,11.6105
224,1.82236998,81.8914,82.4109,12.4714,11.4294
225,1.79305594,82.1242,82.6437,12.2387,11.1966
226,1.76583598,82.3467,82.8662,12.0161,10.9741
227,1.76560748,82.367,82.8459,11.9958,10.9944
228,1.765118,82.3968,82.8161,11.9661,10.9647
229,1.76498457,82.3812,82.8317,11.9505,10.9802
230,1.74922499,82.5497,83.0001,12.1189,10.8118
231,1.74887908,82.5248,83.025,12.094,10.7869
232,1.72431412,82.7336,83.2339,11.8852,10.578
233,1.72415729,82.717,83.2505,11.8685,10.5614
234,1.7015617,82.916,83.4495,11.6695,10.3624
235,1.68540506,83.0836,83.6171,11.8371,10.53
236,1.67074135,83.2425,83.776,11.9961,10.6889
237,1.67047689,83.2212,83.7973,11.9748,10.6676
238,1.65702187,83.3728,83.9489,12.1264,10.8192
239,1.65662781,83.3469,83.9747,12.1005,10.7933
240,1.6560903,83.3771,83.9445,12.0703,10.7631
241,1.65572123,83.4021,83.9195,12.0453,10.7881
242,1.63224923,83.6008,84.1182,11.8466,10.5895
243,1.63206536,83.5833,84.1357,11.8291,10.5719
244,1.6188784,83.7314,84.2839,11.9773,10.4238
245,1.59562037,83.9272,84.4796,11.7816,10.6195
246,1.57435426,84.1128,84.6653,11.5959,10.4338
247,1.57428032,84.1019,84.6762,11.585,10.4229
248,1.57421331,84.0915,84.6866,11.5746,10.4125
249,1.55293912,84.2762,84.8712,11.39,10.5971
250,1.53355851,84.4511,85.0462,11.2151,10.4222
251,1.53348067,84.44,85.0572,11.204,10.4333
252,1.53341644,84.45,85.0472,11.1939,10.4232
253,1.51838137,84.6035,85.2007,11.3474,10.5767
254,1.51832318,84.594,85.2102,11.3379,10.5672
255,1.51827043,84.5849,85.2192,11.3288,10.5581
256,1.51820285,84.5747,85.2295,11.3186,10.5684
257,1.51803109,84.591,85.2132,11.3022,10.5847
258,1.50434871,84.7366,85.3587,11.4478,10.4392
259,1.50429598,84.7276,85.3677,11.4388,10.4301
260,1.49066599,84.8723,85.5125,11.5835,10.5749
261,1.4783593,85.0091,85.6493,11.7203,10.4381
262,1.46617483,85.1448,85.7849,11.856,10.5737
263,1.44607764,85.3179,85.9581,11.6829,10.7469
264,1.43412386,85.4507,86.0908,11.8156,10.6141
265,1.43385591,85.4308,86.1107,11.7958,10.5943
266,1.43342998,85.4558,86.0857,11.7708,10.5693
267,1.4330434,85.4797,86.0618,11.747,10.5454
268,1.43267024,85.503,86.0385,11.7236,10.5688
269,1.4324528,85.4852,86.0563,11.7057,10.5867
270,1.42141221,85.6123,86.1835,11.8328,10.7138
271,1.40122475,85.783,86.3541,11.6622,10.5432
272,1.40102968,85.7663,86.3709,11.6454,10.5264
273,1.39018148,85.8908,86.4954,11.77,10.4019
274,1.38969255,85.9171,86.469,11.7436,10.4283
275,1.3796159,86.0367,86.5886,11.8631,10.3087
276,1.36896775,86.1592,86.7111,11.9857,10.4312
277,1.35929063,86.2756,86.8275,12.102,10.5476
278,1.35882487,86.2501,86.8529,12.0766,10.5222
279,1.35839352,86.2256,86.8774,12.052,10.5467
280,1.35780655,86.2541,86.8489,12.0235,10.5752
281,1.35743899,86.2315,86.8715,12.0009,10.5978
282,1.33773678,86.3963,87.0363,11.8361,10.4331
283,1.33732483,86.42,87.0125,11.8124,10.4093
284,1.31829212,86.5809,87.1734,11.6515,10.5702
285,1.3180994,86.5648,87.1895,11.6353,10.5864
286,1.31768724,86.5884,87.166,11.6118,10.5628
287,1.3076069,86.7048,87.2824,11.7282,10.4464
288,1.30730905,86.6848,87.3023,11.7082,10.4664
289,1.30704028,86.6658,87.3213,11.6892,10.4853
290,1.28933657,86.8191,87.4746,11.5359,10.332
291,1.27895741,86.936,87.5916,11.6528,10.449
292,1.27870836,86.9179,87.6096,11.6348,10.4671
293,1.26927598,87.029,87.7207,11.7458,10.5781
294,1.26070086,87.1344,87.8261,11.8513,10.6835
295,1.26029037,87.1574,87.8031,11.8283,10.7065
296,1.26008427,87.1411,87.8194,11.8119,10.7229
297,1.25086778,87.25,87.9283,11.9208,10.614
298,1.25057168,87.2305,87.9478,11.9013,10.6335
299,1.25011668,87.2063,87.9719,11.8772,10.6094
300,1.24962516,87.2314,87.9468,11.8521,10.6344
301,1.24183586,87.3311,88.0466,11.9518,10.7342
302,1.23475314,87.426,88.1414,12.0467,10.829
303,1.2150073,87.5832,88.2986,11.8894,10.6718
304,1.21475887,87.5656,88.3162,11.8719,10.6894
305,1.19638784,87.7161,88.4667,11.7214,10.5389
306,1.18862709,87.8135,88.5641,11.8188,10.6363
307,1.18787843,87.8437,88.5339,11.7886,10.6062
308,1.1797512,87.9429,88.6332,11.8879,10.5069
309,1.1623973,88.087,88.7773,11.7437,10.3628
310,1.1462927,88.2249,88.9152,11.6059,10.2249
311,1.14613984,88.2115,88.9286,11.5925,10.2115
312,1.13898078,88.303,89.0201,11.684,10.12
313,1.13883816,88.2901,89.033,11.6711,10.1071
314,1.13229043,88.3774,89.1202,11.7584,10.0199
315,1.11784686,88.5063,89.2491,11.6295,9.891
316,1.10880031,88.6079,89.3508,11.7311,9.9926
317,1.10853315,88.6253,89.3333,11.7137,9.9752
318,1.09462892,88.7505,89.4585,11.5886,9.8501
319,1.09391903,88.7222,89.4867,11.5603,9.8783
320,1.0937756,88.7349,89.474,11.5477,9.8656
321,1.09312596,88.7079,89.501,11.5207,9.8926
322,1.08031896,88.8272,89.6203,11.4014,9.7733
323,1.06301022,88.9651,89.7582,11.2635,9.9112
324,1.05661286,89.0484,89.8415,11.3468,9.8278
325,1.05077209,89.1278,89.9209,11.4262,9.7484
326,1.0414665,89.2277,90.0209,11.5262,9.8484
327,1.04045833,89.2605,89.9881,11.4934,9.8811
328,1.04041688,89.2539,89.9947,11.4868,9.8745
329,1.02373211,89.3867,90.1275,11.354,10.0073
330,1.02369095,89.3801,90.1341,11.3474,10.0007
331,1.01159642,89.4923,90.2463,11.2352,9.8885
332,0.99624714,89.6179,90.3719,11.1096,10.0142
333,0.99624068,89.6153,90.3745,11.107,10.0116
334,0.98210547,89.735,90.4942,10.9873,10.1313
335,0.98201425,89.7446,90.4846,10.9778,10.1217
336,0.98167808,89.763,90.4662,10.9594,10.1401
337,0.97451396,89.8477,90.5509,11.0441,10.0554
338,0.96594573,89.94,90.6433,11.1364,10.1477
339,0.96574165,89.9258,90.6575,11.1222,10.1619
340,0.95423419,90.0321,90.7638,11.0159,10.0557
341,0.95381884,90.0522,90.7437,10.9958,10.0758
342,0.94543587,90.1426,90.834,11.0862,10.1661
343,0.93780662,90.2284,90.9199,11.172,10.252
344,0.93763302,90.2155,90.9328,11.1591,10.2649
345,0.93747623,90.2032,90.9451,11.1468,10.2772
346,0.92565869,90.3093,91.0511,11.0407,10.1711
347,0.9252969,90.3278,91.0326,11.0222,10.1896
348,0.9177989,90.412,91.1168,11.1064,10.2738
349,0.91755996,90.427,91.1018,11.0914,10.2588
350,0.91734283,90.4413,91.0876,11.0771,10.2445
351,0.91714552,90.4549,91.0739,11.0635,10.2309
352,0.91696625,90.4678,91.061,11.0506,10.2179
353,0.91691104,90.4607,91.0682,11.0434,10.2107
354,0.90967045,90.543,91.1505,11.1257,10.2931
355,0.89808529,90.6465,91.254,11.0223,10.1896
356,0.89776265,90.6637,91.2368,11.005,10.2068
357,0.88703114,90.7626,91.3357,10.9061,10.1079
358,0.87710834,90.8572,91.4303,10.8115,10.0133
359,0.87710831,90.8574,91.4302,10.8116,10.0134
360,0.86889152,90.9432,91.516,10.8974,10.0992
361,0.85732703,91.0443,91.6171,10.7963,10.2003
362,0.84766353,91.1361,91.7088,10.7045,10.1085
363,0.84746703,91.1491,91.6958,10.6915,10.1216
364,0.84740258,91.1416,91.7033,10.684,10.1291
365,0.83697964,91.2364,91.7981,10.5892,10.2239
366,0.82740347,91.3268,91.8884,10.4988,10.3142
367,0.82736374,91.3326,91.8826,10.493,10.32
368,0.82736374,91.3326,91.8826,10.4931,10.32
369,0.82736373,91.3327,91.8825,10.4932,10.3199
370,0.82732427,91.3385,91.8767,10.4874,10.3141
371,0.81855187,91.4244,91.9627,10.4015,10.2282
372,0.81854444,91.4269,91.9602,10.399,10.2257
373,0.81095245,91.5065,92.0398,10.4786,10.1461
374,0.81094289,91.5093,92.0369,10.4814,10.1489
375,0.81093106,91.5062,92.0401,10.4783,10.1521
376,0.81092214,91.5089,92.0374,10.481,10.1548
377,0.80287601,91.5904,92.1188,10.3995,10.0733
378,0.80279486,91.5985,92.1107,10.3913,10.0815
379,0.79537452,91.6764,92.1885,10.3135,10.0036
380,0.79529932,91.6842,92.1807,10.3056,10.0114
381,0.78624471,91.7699,92.2664,10.3914,10.0971
382,0.78623616,91.7673,92.2691,10.3887,10.0998
383,0.78623615,91.7674,92.269,10.3886,10.0997
384,0.77743459,91.8514,92.3529,10.3047,10.1836
385,0.77740594,91.8561,92.3482,10.3095,10.1884
386,0.7774054,91.8568,92.3475,10.3101,10.1878
387,0.76930509,91.937,92.4277,10.3903,10.2679
388,0.76133734,92.016,92.5067,10.3113,10.347
389,0.75402907,92.0913,92.582,10.236,10.4223
390,0.74685825,92.1656,92.6563,10.3103,10.4966
391,0.73870482,92.2443,92.735,10.2316,10.4179
392,0.73171071,92.3169,92.8076,10.3042,10.4905
393,0.73164955,92.3237,92.8008,10.2974,10.4837
394,0.73164795,92.3226,92.8019,10.2985,10.4826
395,0.72522748,92.3918,92.8712,10.3678,10.5519
396,0.72517369,92.3981,92.8649,10.3741,10.5456
397,0.7251251,92.4042,92.8588,10.3801,10.5395
398,0.71927655,92.47,92.9247,10.4459,10.6054
399,0.71044274,92.5503,93.005,10.3656,10.525
400,0.71044202,92.5496,93.0057,10.3663,10.5243
401,0.70226552,92.6264,93.0826,10.2895,10.4475
402,0.70222035,92.6321,93.0769,10.2952,10.4417
403,0.70221893,92.6311,93.0779,10.2942,10.4407
404,0.70221763,92.6302,93.0788,10.2932,10.4398
405,0.69467121,92.7036,93.1522,10.2198,10.3664
406,0.68770124,92.7738,93.2224,10.1496,10.2962
407,0.68127006,92.8409,93.2895,10.0825,10.2291
408,0.67377325,92.913,93.3617,10.1547,10.3013
409,0.66741541,92.9791,93.4277,10.0887,10.2352
410,0.66736215,92.9851,93.4217,10.0947,10.2413
411,0.66731379,92.9908,93.4159,10.1004,10.247
412,0.66014722,93.0607,93.4858,10.1703,10.3169
413,0.66010561,93.066,93.4805,10.1756,10.3116
414,0.65356972,93.1324,93.5468,10.242,10.3779
415,0.6535693,93.1318,93.5474,10.2425,10.3774
416,0.65356892,93.1313,93.5479,10.243,10.3769
417,0.647737,93.1937,93.6102,10.1807,10.4392
418,0.64101877,93.2602,93.6767,10.1141,10.3727
419,0.64101196,93.2623,93.6746,10.112,10.3706
420,0.63572042,93.3211,93.7334,10.0532,10.4294
421,0.63570962,93.3238,93.7308,10.0559,10.4321
422,0.63567428,93.319,93.7356,10.0607,10.4273
423,0.63566415,93.3215,93.733,10.0632,10.4298
424,0.63565496,93.324,93.7306,10.0657,10.4323
425,0.63562205,93.3194,93.7352,10.0703,10.4277
426,0.63561342,93.3217,93.7328,10.0727,10.43
427,0.62802977,93.3918,93.8029,10.1427,10.36
428,0.62796321,93.3983,93.7963,10.1493,10.3534
429,0.6279538,93.4008,93.7939,10.1468,10.351
430,0.6226119,93.4593,93.8523,10.0883,10.4095
431,0.6166278,93.5209,93.914,10.15,10.4711
432,0.6165909,93.5258,93.9092,10.1452,10.4663
433,0.61656666,93.5219,93.9131,10.1491,10.4624
434,0.61012166,93.5854,93.9767,10.0855,10.3988
435,0.60425404,93.6459,94.0371,10.146,10.4593
436,0.60414511,93.6541,94.0289,10.1542,10.4511
437,0.59781395,93.7165,94.0913,10.0918,10.3887
438,0.59780832,93.7183,94.0894,10.0937,10.3905
439,0.59085768,93.7834,94.1544,10.1587,10.3255
440,0.58576791,93.8387,94.2098,10.1033,10.3809
441,0.58576378,93.8403,94.2082,10.1049,10.3824
442,0.57998158,93.899,94.2669,10.0462,10.3237
443,0.57996026,93.9026,94.2634,10.0498,10.3273
444,0.57994089,93.906,94.26,10.0532,10.3307
445,0.5799233,93.9092,94.2567,10.0564,10.3339
446,0.57410372,93.9679,94.3154,10.1151,10.3926
447,0.56955762,94.0195,94.367,10.0635,10.4442
448,0.56955632,94.0203,94.3661,10.0644,10.4451
449,0.56953816,94.0236,94.3629,10.0611,10.4418
450,0.56952164,94.0267,94.3598,10.058,10.4387
451,0.56950663,94.0296,94.3568,10.055,10.4358
452,0.56936417,94.0388,94.3477,10.0642,10.4267
453,0.56370359,94.096,94.405,10.0069,10.3694
454,0.55847844,94.1508,94.4597,9.9522,10.3146
455,0.55843403,94.1457,94.4648,9.9572,10.3096
456,0.55164942,94.2078,94.5269,10.0193,10.2475
457,0.55164709,94.2067,94.528,10.0204,10.2487
458,0.54573847,94.2644,94.5857,10.0781,10.3063
459,0.53958095,94.3228,94.6442,10.1366,10.2478
460,0.53957121,94.3252,94.6418,10.1389,10.2502
461,0.53956873,94.3263,94.6407,10.1378,10.249
462,0.5395407,94.3303,94.6367,10.1417,10.245
463,0.53953198,94.3325,94.6345,10.1439,10.2472
464,0.53424076,94.3864,94.6885,10.1979,10.3012
465,0.53424033,94.386,94.689,10.1983,10.3007
466,0.53422187,94.3891,94.6858,10.1952,10.2976
467,0.53422142,94.3886,94.6863,10.1957,10.2971
468,0.52879197,94.443,94.7406,10.1414,10.2427
469,0.52409257,94.4933,94.791,10.091,10.2931
470,0.52408476,94.4953,94.7889,10.0931,10.2951
471,0.52408152,94.4967,94.7876,10.0918,10.2938
472,0.52402485,94.5022,94.7821,10.0973,10.2883
473,0.51891993,94.5544,94.8343,10.1495,10.3405
474,0.51891992,94.5544,94.8344,10.1495,10.3405
475,0.51426299,94.604,94.884,10.1991,10.3901
476,0.51421143,94.6092,94.8788,10.2043,10.3849
477,0.51420387,94.6073,94.8808,10.2024,10.3829
478,0.51419662,94.6053,94.8828,10.2043,10.381
479,0.50993676,94.6526,94.9301,10.2516,10.4283
480,0.50993014,94.6507,94.9319,10.2535,10.4264
481,0.50442073,94.7042,94.9854,10.3069,10.3729
482,0.49989569,94.7524,95.0336,10.2587,10.4212
483,0.49574311,94.7984,95.0796,10.2127,10.4672
484,0.48994198,94.8525,95.1337,10.1586,10.4131
485,0.48457326,94.9042,95.1854,10.1069,10.3614
486,0.48455119,94.9075,95.1821,10.1036,10.3581
487,0.48452981,94.9043,95.1854,10.1069,10.3548
488,0.48077919,94.9473,95.2284,10.0638,10.3979
489,0.48077919,94.9473,95.2284,10.0639,10.3979
490,0.48073582,94.9427,95.233,10.0685,10.3933
491,0.47583309,94.9917,95.282,10.0195,10.3443
492,0.47579267,94.9872,95.2864,10.0239,10.3399
493,0.47578599,94.9891,95.2846,10.0258,10.3417
494,0.47566502,94.9967,95.2769,10.0334,10.334
495,0.47555567,95.004,95.2696,10.0407,10.3267
496,0.47552502,95.0002,95.2735,10.0446,10.3229
497,0.47551992,95.0017,95.2719,10.043,10.3213
498,0.47194606,95.0434,95.3135,10.0014,10.3629
499,0.46745747,95.0899,95.36,10.0479,10.4094
500,0.46745743,95.0897,95.3602,10.0478,10.4093
501,0.46161676,95.1425,95.4129,10.1005,10.3566
502,0.45812005,95.183,95.4534,10.0599,10.3972
503,0.45246891,95.2343,95.5048,10.1112,10.3458
504,0.44855363,95.2769,95.5473,10.1537,10.3884
505,0.44853508,95.274,95.5502,10.1567,10.3854
506,0.4484599,95.2798,95.5443,10.1625,10.3796
507,0.44338754,95.328,95.5924,10.2107,10.3314
508,0.43845013,95.3751,95.6396,10.1635,10.2843
509,0.43473676,95.4159,95.6804,10.1227,10.325
510,0.43133124,95.4547,95.7192,10.0839,10.3639
511,0.42617184,95.5023,95.7668,10.1315,10.3163
512,0.42142439,95.5477,95.8122,10.1769,10.2709
513,0.41705926,95.591,95.8555,10.2201,10.2276
514,0.4170569,95.592,95.8545,10.2191,10.2286
515,0.41702601,95.5956,95.8508,10.2155,10.225
516,0.4170198,95.5972,95.8492,10.2171,10.2234
517,0.41262916,95.6404,95.8923,10.174,10.1802
518,0.40876537,95.6807,95.9327,10.1337,10.2205
519,0.40875535,95.6827,95.9306,10.1316,10.2185
520,0.40452809,95.7247,95.9726,10.1736,10.1765
521,0.40452563,95.7257,95.9715,10.1726,10.1775
522,0.40063539,95.7657,96.0116,10.2126,10.1375
523,0.39660125,95.8063,96.0522,10.1721,10.1781
524,0.39660087,95.8067,96.0518,10.1724,10.1785
525,0.39659868,95.8077,96.0508,10.1715,10.1794
526,0.39266774,95.8475,96.0906,10.1317,10.1396
527,0.39266663,95.8481,96.09,10.131,10.1389
528,0.39266464,95.849,96.0891,10.1301,10.1398
529,0.39266366,95.8497,96.0885,10.1295,10.1392
530,0.38904145,95.8877,96.1265,10.0915,10.1011
531,0.38540508,95.9257,96.1645,10.0535,10.1391
532,0.38206856,95.9619,96.2007,10.0173,10.1753
533,0.37878332,95.9976,96.2364,9.9815,10.1396
534,0.37873374,96.002,96.232,9.9859,10.144
535,0.37868599,96.0063,96.2277,9.9902,10.1397
536,0.37867832,96.0046,96.2295,9.992,10.1414
537,0.37561846,96.039,96.2638,9.9576,10.1758
538,0.37561216,96.0374,96.2654,9.9591,10.1773
539,0.37149901,96.0771,96.3051,9.9988,10.217
540,0.37149901,96.0771,96.3051,9.9988,10.217
541,0.37147752,96.0742,96.3079,10.0017,10.2141
542,0.37147751,96.0743,96.3079,10.0016,10.2141
543,0.37147751,96.0743,96.3078,10.0016,10.214
544,0.37140252,96.0797,96.3025,10.0069,10.2087
545,0.37133471,96.0848,96.2974,10.012,10.2036
546,0.36757532,96.1225,96.3351,10.0498,10.2414
547,0.36757047,96.1238,96.3338,10.0484,10.24
548,0.36476703,96.1563,96.3662,10.016,10.2724
549,0.36219798,96.1872,96.3971,9.9851,10.3033
550,0.36213895,96.1825,96.4018,9.9898,10.2987
551,0.35877873,96.2177,96.437,10.025,10.3339
552,0.35864339,96.2248,96.43,10.032,10.3269
553,0.35557633,96.2583,96.4635,10.0656,10.3604
554,0.35552638,96.254,96.4678,10.0698,10.3561
555,0.35315626,96.2834,96.4971,10.0405,10.3854
556,0.35098533,96.3113,96.5251,10.0125,10.4134
557,0.34826045,96.3426,96.5563,10.0438,10.4446
558,0.34824031,96.3399,96.559,10.0411,10.442
559,0.34802597,96.3487,96.5502,10.0498,10.4332
560,0.34793124,96.3429,96.556,10.0557,10.4274
561,0.34327226,96.3834,96.5966,10.0962,10.3868
562,0.33897656,96.4222,96.6354,10.135,10.3481
563,0.33499976,96.4592,96.6724,10.098,10.3111
564,0.3310609,96.4958,96.709,10.1346,10.2744
565,0.32743529,96.5308,96.744,10.1696,10.2395
566,0.32491064,96.5598,96.773,10.1986,10.2685
567,0.32483341,96.5649,96.768,10.1936,10.2635
568,0.32153772,96.5979,96.801,10.2266,10.2305
569,0.31858856,96.629,96.8321,10.1955,10.2615
570,0.3185883,96.6287,96.8324,10.1958,10.2612
571,0.31857116,96.6311,96.83,10.1981,10.2589
572,0.31854608,96.6282,96.8328,10.1953,10.256
573,0.31852324,96.6255,96.8356,10.1926,10.2533
574,0.31622901,96.6528,96.8629,10.2199,10.2806
575,0.31618836,96.6492,96.8665,10.2163,10.277
576,0.31302063,96.6811,96.8985,10.2482,10.2451
577,0.31301768,96.6821,96.8975,10.2472,10.246
578,0.31014728,96.7124,96.9277,10.217,10.2763
579,0.31010741,96.7088,96.9313,10.2134,10.2727
580,0.30630388,96.7434,96.9659,10.1788,10.2381
581,0.3062406,96.7479,96.9615,10.1744,10.2337
582,0.30362257,96.7765,96.99,10.1458,10.2622
583,0.30356242,96.7808,96.9857,10.1414,10.2579
584,0.30029526,96.8125,97.0175,10.1732,10.2262
585,0.30028044,96.8147,97.0154,10.1754,10.224
586,0.30028044,96.8147,97.0154,10.1754,10.224
587,0.29729127,96.8449,97.0456,10.2056,10.1938
588,0.29454404,96.8738,97.0744,10.2344,10.1649
589,0.29452745,96.8715,97.0767,10.2322,10.1627
590,0.29235634,96.8971,97.1022,10.2578,10.1883
591,0.28882065,96.9295,97.1346,10.2254,10.1559
592,0.28554526,96.9605,97.1656,10.1944,10.1248
593,0.28551852,96.9633,97.1628,10.1916,10.1221
594,0.28551625,96.9625,97.1637,10.1907,10.1212
595,0.28317546,96.9886,97.1898,10.2169,10.1474
596,0.28104023,97.0134,97.2146,10.2417,10.1722
597,0.27909345,97.0371,97.2383,10.2654,10.1959
598,0.2790487,97.0335,97.2418,10.2618,10.1923
599,0.27669101,97.0594,97.2677,10.2877,10.1664
600,0.27668665,97.0583,97.2688,10.2866,10.1675
601,0.27492102,97.0806,97.2912,10.3089,10.1898
602,0.27201781,97.1091,97.3197,10.2804,10.2183
603,0.27044063,97.1301,97.3406,10.3013,10.2393
604,0.27042679,97.132,97.3387,10.2994,10.2412
605,0.26814258,97.1571,97.3638,10.3245,10.2162
606,0.2681398,97.1563,97.3646,10.3236,10.217
607,0.26441134,97.1881,97.3965,10.2918,10.1852
608,0.26428085,97.194,97.3906,10.2858,10.1792
609,0.26425446,97.1967,97.3879,10.2831,10.1819
610,0.26413649,97.2024,97.3822,10.2775,10.1763
611,0.26408373,97.1986,97.386,10.2737,10.1725
612,0.26244024,97.2196,97.4071,10.2948,10.1935
613,0.26230272,97.2257,97.401,10.2887,10.1875
614,0.26217742,97.2315,97.3952,10.2829,10.1817
615,0.25877556,97.2616,97.4253,10.2528,10.1516
616,0.25877188,97.2606,97.4263,10.2518,10.1526
617,0.25670372,97.284,97.4496,10.2752,10.1292
618,0.25356702,97.3126,97.4782,10.2466,10.1006
619,0.25066059,97.3399,97.5056,10.2192,10.0733
620,0.24796985,97.3661,97.5318,10.193,10.0471
621,0.24795668,97.3643,97.5336,10.1912,10.0489
622,0.24583149,97.3875,97.5568,10.2144,10.0721
623,0.24580608,97.39,97.5543,10.2119,10.0696
624,0.24384971,97.4122,97.5764,10.234,10.0917
625,0.24380753,97.4154,97.5732,10.2308,10.0885
626,0.2437946,97.4136,97.575,10.229,10.0903
627,0.24105468,97.4397,97.6011,10.2029,10.0642
628,0.23833865,97.4655,97.6269,10.1771,10.09
629,0.23833639,97.4647,97.6276,10.1764,10.0908
630,0.23833358,97.4639,97.6284,10.1756,10.09
631,0.23833103,97.4631,97.6292,10.1748,10.0892
632,0.23831144,97.4653,97.627,10.1726,10.0914
633,0.23580108,97.49,97.6517,10.1479,10.0667
634,0.23373113,97.5123,97.674,10.1703,10.089
635,0.23372877,97.5115,97.6748,10.1695,10.0883
636,0.23372714,97.5109,97.6754,10.1689,10.0889
637,0.23183269,97.5322,97.6967,10.1901,10.1102
638,0.23183121,97.5316,97.6972,10.1895,10.1107
639,0.23182987,97.531,97.6978,10.189,10.1113
640,0.22943653,97.5548,97.7216,10.1652,10.1351
641,0.22943599,97.5551,97.7212,10.1656,10.1347
642,0.22723253,97.5778,97.7439,10.1429,10.1574
643,0.22719046,97.581,97.7408,10.1398,10.1543
644,0.22516367,97.6026,97.7625,10.1181,10.176
645,0.22515495,97.6012,97.7639,10.1167,10.1745
646,0.22514701,97.5999,97.7652,10.1153,10.1732
647,0.22263918,97.6238,97.7892,10.0914,10.1492
648,0.22031815,97.6467,97.8121,10.0685,10.1263
649,0.22031763,97.6471,97.8117,10.0688,10.1267
650,0.21816882,97.669,97.8337,10.0469,10.1047
651,0.21816733,97.6696,97.8331,10.0463,10.1041
652,0.21608363,97.6911,97.8547,10.0678,10.1257
653,0.21608314,97.6908,97.855,10.0681,10.1253
654,0.21385003,97.713,97.8772,10.0903,10.1032
655,0.21384908,97.7134,97.8767,10.0899,10.1036
656,0.21179284,97.7346,97.8979,10.111,10.0825
657,0.20970831,97.7558,97.919,10.0898,10.0613
658,0.2097044,97.7567,97.9181,10.0908,10.0622
659,0.20969803,97.7579,97.917,10.0896,10.0634
660,0.20969455,97.7587,97.9161,10.0905,10.0642
661,0.2096939,97.7591,97.9157,10.0908,10.0639
662,0.2078148,97.7791,97.9358,10.1109,10.0438
663,0.20566316,97.8005,97.9571,10.0895,10.0652
664,0.20374737,97.8205,97.9771,10.1096,10.0852
665,0.20374184,97.8216,97.9761,10.1085,10.0863
666,0.20190958,97.8411,97.9956,10.128,10.0668
667,0.20189932,97.8426,97.9941,10.1266,10.0653
668,0.20016293,97.8615,98.013,10.1455,10.0843
669,0.20014141,97.8636,98.0109,10.1434,10.0822
670,0.20013924,97.8629,98.0116,10.1427,10.0815
671,0.20011999,97.8649,98.0096,10.1407,10.0795
672,0.19802367,97.8855,98.0303,10.1201,10.0589
673,0.19637703,97.9038,98.0485,10.1383,10.0406
674,0.19486594,97.9212,98.0659,10.1557,10.0232
675,0.19259864,97.9424,98.0871,10.1345,10.0444
676,0.19259863,97.9424,98.0871,10.1345,10.0445
677,0.19257471,97.9446,98.0849,10.1324,10.0466
678,0.19067453,97.9639,98.1042,10.1131,10.0274
679,0.19067088,97.963,98.105,10.1122,10.0282
680,0.18891451,97.9815,98.1235,10.0938,10.0097
681,0.1889051,97.9828,98.1221,10.0951,10.0111
682,0.18888344,97.9849,98.1201,10.0931,10.0131
683,0.18888042,97.9841,98.1209,10.0923,10.0139
684,0.18737077,98.0012,98.1379,10.1094,9.9969
685,0.18736284,98.0024,98.1367,10.1106,9.9981
686,0.18597856,98.0187,98.1529,10.1269,9.9818
687,0.18373502,98.0393,98.1735,10.1063,10.0024
688,0.18192475,98.0577,98.192,10.1247,10.0209
689,0.18192373,98.0581,98.1915,10.1251,10.0213
690,0.18192091,98.0589,98.1908,10.1244,10.0206
691,0.18189101,98.0612,98.1884,10.122,10.0229
692,0.18189008,98.0616,98.188,10.1225,10.0233
693,0.1818827,98.0605,98.1892,10.1213,10.0245
694,0.18016995,98.0783,98.207,10.1035,10.0067
695,0.1785876,98.0953,98.224,10.0865,9.9897
696,0.17712672,98.1116,98.2403,10.0702,9.9734
697,0.17514299,98.1305,98.2592,10.0513,9.9923
698,0.17513695,98.1295,98.2603,10.0523,9.9933
699,0.17511071,98.1316,98.2581,10.0545,9.9955
700,0.17509723,98.1332,98.2565,10.0529,9.9971
701,0.17508488,98.1347,98.2551,10.0514,9.9986
702,0.17508424,98.1343,98.2554,10.0511,9.9989
703,0.17506086,98.1364,98.2533,10.0531,10.0009
704,0.17325965,98.1543,98.2713,10.0352,10.0189
705,0.17325555,98.1534,98.2721,10.0361,10.0197
706,0.17168351,98.1701,98.2888,10.0527,10.0031
707,0.16992397,98.1876,98.3063,10.0352,10.0206
708,0.16992078,98.1884,98.3056,10.0344,10.0213
709,0.16991736,98.1876,98.3063,10.0352,10.0221
710,0.16991643,98.188,98.3059,10.0356,10.0217
711,0.16991336,98.1887,98.3052,10.0349,10.0224
712,0.16991243,98.1891,98.3048,10.0353,10.022
713,0.16836186,98.2055,98.3212,10.0517,10.0057
714,0.16654381,98.2232,98.3389,10.0694,10.0233
715,0.164881,98.24,98.3557,10.0862,10.0401
716,0.16336122,98.256,98.3717,10.1021,10.0561
717,0.1617059,98.2726,98.3883,10.0856,10.0727
718,0.16018389,98.2884,98.4041,10.0697,10.0886
719,0.16018376,98.2886,98.4039,10.0696,10.0887
720,0.16017447,98.2898,98.4027,10.0683,10.0875
721,0.16016867,98.2908,98.4017,10.0693,10.0865
722,0.16016863,98.2907,98.4018,10.0692,10.0864
723,0.15876356,98.3058,98.417,10.0541,10.1016
724,0.15874976,98.3073,98.4155,10.0556,10.1001
725,0.15873727,98.3088,98.414,10.057,10.0986
726,0.15872596,98.3101,98.4127,10.0584,10.0973
727,0.15713488,98.3261,98.4287,10.0424,10.0813
728,0.15569932,98.3413,98.4439,10.0575,10.0964
729,0.15438813,98.3558,98.4583,10.072,10.1109
730,0.15436959,98.3575,98.4566,10.0703,10.1092
731,0.15309502,98.3716,98.4708,10.0561,10.1233
732,0.15307722,98.3733,98.4691,10.0544,10.1216
733,0.15307335,98.3725,98.4699,10.0552,10.1209
734,0.15307119,98.3719,98.4705,10.0546,10.1203
735,0.15189563,98.3855,98.484,10.0411,10.1338
736,0.15188617,98.3843,98.4852,10.0423,10.1326
737,0.15080057,98.3972,98.4982,10.0293,10.1456
738,0.15075225,98.4,98.4954,10.0321,10.1429
739,0.15070849,98.4026,98.4928,10.0347,10.1403
740,0.15069178,98.4042,98.4912,10.033,10.1387
741,0.15065269,98.4066,98.4888,10.0355,10.1362
742,0.15061729,98.409,98.4864,10.0378,10.1339
743,0.14955762,98.4217,98.4992,10.0251,10.1466
744,0.14954267,98.4232,98.4977,10.0236,10.1451
745,0.14857045,98.4354,98.5099,10.0114,10.1573
746,0.14740564,98.4487,98.5232,10.0247,10.1706
747,0.1457631,98.4644,98.5389,10.009,10.1549
748,0.14424257,98.4794,98.5539,9.994,10.1399
749,0.14424257,98.4794,98.5539,9.994,10.1399
750,0.14338698,98.4906,98.5651,9.9828,10.1511
751,0.14338698,98.4906,98.5651,9.9828,10.1511
752,0.14330033,98.4942,98.5615,9.9864,10.1476
753,0.14322182,98.4976,98.5581,9.9897,10.1442
754,0.1431507,98.5008,98.5549,9.993,10.1409
755,0.14175149,98.5151,98.5691,9.9787,10.1267
756,0.14045811,98.5288,98.5828,9.9651,10.113
757,0.14041917,98.5264,98.5852,9.9674,10.1106
758,0.14041369,98.5273,98.5843,9.9683,10.1115
759,0.1403509,98.5303,98.5813,9.9713,10.1085
760,0.1403463,98.5311,98.5805,9.9721,10.1093
761,0.13913948,98.5442,98.5936,9.959,10.0962
762,0.13908239,98.5471,98.5907,9.9619,10.0934
763,0.13762509,98.5615,98.6051,9.9762,10.1077
764,0.13677945,98.5724,98.616,9.9653,10.1186
765,0.13600492,98.5828,98.6264,9.9549,10.129
766,0.13482681,98.5955,98.6392,9.9422,10.1163
767,0.13473734,98.599,98.6357,9.9457,10.1127
768,0.13401794,98.609,98.6456,9.9357,10.1227
769,0.13335957,98.6185,98.6551,9.9262,10.1322
770,0.13323794,98.6226,98.651,9.9303,10.1281
771,0.13216617,98.6346,98.6631,9.9183,10.1161
772,0.13073082,98.6485,98.677,9.9322,10.13
773,0.13072437,98.6494,98.6761,9.9331,10.1309
774,0.13072336,98.6491,98.6764,9.9335,10.1313
775,0.13012193,98.658,98.6854,9.9245,10.1402
776,0.12998906,98.6622,98.6812,9.9287,10.136
777,0.12998386,98.6631,98.6803,9.9296,10.1368
778,0.12891185,98.675,98.6922,9.9176,10.1249
779,0.12691698,98.6912,98.7084,9.9338,10.1088
780,0.12507327,98.7066,98.7238,9.9492,10.0934
781,0.12506349,98.7077,98.7227,9.9504,10.0945
782,0.12374194,98.7207,98.7357,9.9633,10.1075
783,0.12305476,98.73,98.745,9.954,10.1168
784,0.12305438,98.7298,98.7452,9.9542,10.117
785,0.1229929,98.727,98.748,9.957,10.1142
786,0.12194352,98.7384,98.7595,9.9456,10.1028
787,0.12193555,98.7394,98.7585,9.9466,10.1038
788,0.12067634,98.752,98.771,9.9591,10.1163
789,0.12067627,98.7519,98.7711,9.9592,10.1164
790,0.1189654,98.7664,98.7856,9.9736,10.1019
791,0.11782912,98.7781,98.7973,9.9854,10.1136
792,0.11782805,98.7785,98.7969,9.985,10.1133
793,0.11671978,98.79,98.8085,9.9735,10.1017
794,0.11516114,98.8036,98.8221,9.9871,10.0881
795,0.11406533,98.8149,98.8334,9.9985,10.0995
796,0.11403117,98.8169,98.8314,10.0005,10.0975
797,0.11400023,98.8188,98.8295,10.0024,10.0956
798,0.11299834,98.8296,98.8403,10.0132,10.1064
799,0.11297667,98.828,98.8419,10.0147,10.1048
800,0.11182295,98.8396,98.8534,10.0032,10.0933
801,0.11182192,98.8399,98.8531,10.0029,10.093
802,0.11083843,98.8505,98.8637,10.0135,10.1035
803,0.10970786,98.8618,98.8749,10.0022,10.0923
804,0.10899187,98.8707,98.8839,9.9932,10.1012
805,0.1089524,98.8728,98.8818,9.9953,10.0991
806,0.10791384,98.8836,98.8925,9.9846,10.0884
807,0.10791321,98.8838,98.8923,9.9849,10.0887
808,0.10788455,98.882,98.894,9.9867,10.0869
809,0.10651816,98.8943,98.9063,9.9989,10.0746
810,0.10556249,98.9045,98.9165,9.9887,10.0645
811,0.10554199,98.906,98.915,9.9902,10.063
812,0.10465904,98.9157,98.9247,9.9805,10.0532
813,0.10465407,98.915,98.9254,9.9812,10.054
814,0.10383447,98.9243,98.9348,9.9719,10.0446
815,0.10382462,98.9233,98.9358,9.9729,10.0456
816,0.10310449,98.932,98.9445,9.9642,10.0544
817,0.103091,98.9332,98.9433,9.9654,10.0556
818,0.10232838,98.9422,98.9523,9.9564,10.0466
819,0.1016251,98.9507,98.9608,9.9479,10.0381
820,0.10097843,98.9589,98.969,9.9397,10.0463
821,0.09964476,98.9706,98.9807,9.9514,10.0346
822,0.09900952,98.9786,98.9888,9.9433,10.0265
823,0.09898971,98.9772,98.9902,9.9448,10.0251
824,0.09833824,98.9853,98.9983,9.9366,10.0332
825,0.09830275,98.9872,98.9964,9.9385,10.0313
826,0.09700644,98.9986,99.0078,9.9499,10.0427
827,0.09698184,99.0002,99.0062,9.9515,10.0443
828,0.09694994,99.002,99.0045,9.9533,10.0425
829,0.09692104,99.0036,99.0028,9.955,10.0408
830,0.09574435,99.0144,99.0135,9.9657,10.0516
831,0.09572121,99.0129,99.015,9.9673,10.0501
832,0.09501983,99.0212,99.0233,9.959,10.0418
833,0.09440999,99.0289,99.031,9.9513,10.0495
834,0.09385127,99.0362,99.0383,9.944,10.0569
835,0.09383229,99.0376,99.037,9.9453,10.0582
836,0.0938187,99.0364,99.0381,9.9465,10.0593
837,0.09252657,99.0475,99.0492,9.9576,10.0482
838,0.09144417,99.0576,99.0593,9.9677,10.0584
839,0.09143652,99.0585,99.0585,9.9685,10.0592
840,0.09140546,99.0602,99.0568,9.9702,10.0575
841,0.09137732,99.0618,99.0552,9.9718,10.0559
842,0.09067427,99.0699,99.0632,9.9638,10.0478
843,0.0895263,99.0802,99.0735,9.974,10.0375
844,0.08890647,99.0877,99.0811,9.9665,10.045
845,0.08888367,99.0891,99.0796,9.968,10.0436
846,0.0877852,99.0991,99.0896,9.9779,10.0336
847,0.08677723,99.1086,99.0991,9.9874,10.0431
848,0.08577526,99.118,99.1085,9.9968,10.0337
849,0.08577058,99.1187,99.1078,9.9975,10.0331
850,0.0857658,99.118,99.1085,9.9981,10.0337
851,0.08576203,99.1186,99.1079,9.9987,10.0343
852,0.0857586,99.1191,99.1074,9.9993,10.0348
853,0.08484135,99.1281,99.1163,10.0082,10.0259
854,0.08411709,99.136,99.1242,10.0003,10.0338
855,0.0834393,99.1436,99.1318,9.9927,10.0262
856,0.08343554,99.1442,99.1313,9.9932,10.0256
857,0.08280997,99.1515,99.1386,9.9859,10.0183
858,0.08279782,99.1525,99.1375,9.987,10.0193
859,0.08191901,99.1611,99.1462,9.9956,10.0107
860,0.08121206,99.1688,99.1538,9.9879,10.0184
861,0.08063989,99.1757,99.1607,9.981,10.0115
862,0.07964158,99.1847,99.1698,9.9901,10.0206
863,0.07906706,99.1915,99.1766,9.9832,10.0138
864,0.07853729,99.1981,99.1831,9.9767,10.0072
865,0.07851246,99.1967,99.1845,9.9781,10.0087
866,0.07850822,99.1961,99.1851,9.9787,10.0081
867,0.07788099,99.2032,99.1922,9.9716,10.0152
868,0.0768944,99.212,99.2011,9.9805,10.024
869,0.07688303,99.213,99.2001,9.9814,10.025
870,0.07634127,99.2195,99.2066,9.9749,10.0185
871,0.07632303,99.2183,99.2078,9.9761,10.0196
872,0.07631475,99.2175,99.2086,9.9769,10.0188
873,0.07574854,99.2241,99.2153,9.9703,10.0255
874,0.07573559,99.2231,99.2163,9.9713,10.0245
875,0.07484339,99.2314,99.2245,9.9796,10.0162
876,0.07483785,99.232,99.2239,9.9802,10.0155
877,0.07392311,99.2404,99.2322,9.9886,10.0239
878,0.07391751,99.2397,99.2329,9.9892,10.0232
879,0.07337713,99.2461,99.2393,9.9828,10.0169
880,0.07336336,99.2451,99.2403,9.9839,10.0179
881,0.07335083,99.2461,99.2393,9.9848,10.0189
882,0.07255253,99.2538,99.247,9.9926,10.0111
883,0.07254053,99.2528,99.248,9.9935,10.0121
884,0.07202968,99.259,99.2541,9.9874,10.0059
885,0.07113793,99.2671,99.2622,9.9955,10.014
886,0.07112937,99.2679,99.2614,9.9962,10.0148
887,0.07040803,99.2751,99.2687,10.0035,10.0076
888,0.07039938,99.2743,99.2694,10.0043,10.0084
889,0.07039232,99.275,99.2687,10.005,10.0091
890,0.07039219,99.2749,99.2688,10.0051,10.009
891,0.07039217,99.275,99.2688,10.0051,10.009
892,0.06975505,99.2817,99.2756,9.9984,10.0157
893,0.06923751,99.2878,99.2816,9.9923,10.0097
894,0.06922627,99.2887,99.2807,9.9932,10.0106
895,0.06852703,99.2957,99.2877,10.0002,10.0035
896,0.06790502,99.3023,99.2943,9.9936,10.0101
897,0.06789503,99.3031,99.2935,9.9945,10.011
898,0.06741654,99.3089,99.2992,9.9887,10.0052
899,0.06684948,99.3151,99.3055,9.9825,10.0114
900,0.06684593,99.3156,99.305,9.983,10.011
901,0.06684178,99.3151,99.3055,9.9835,10.0104
902,0.06601593,99.3226,99.313,9.991,10.0179
903,0.06554022,99.3282,99.3187,9.9853,10.0123
904,0.06510154,99.3336,99.3241,9.9799,10.0069
905,0.06426822,99.3411,99.3315,9.9874,10.0143
906,0.06426427,99.3406,99.332,9.9879,10.0138
907,0.06426065,99.3401,99.3325,9.9884,10.0133
908,0.06425787,99.3405,99.3321,9.9888,10.0129
909,0.06381587,99.3459,99.3375,9.9834,10.0075
910,0.06381269,99.3454,99.3379,9.9839,10.007
911,0.06340521,99.3506,99.3431,9.9787,10.0019
912,0.06302974,99.3555,99.348,9.9738,9.997
913,0.06300076,99.3569,99.3466,9.9752,9.9983
914,0.06233948,99.3634,99.3531,9.9817,9.9918
915,0.06148435,99.3708,99.3605,9.989,9.9992
916,0.06148405,99.3709,99.3604,9.9892,9.9991
917,0.06146789,99.3719,99.3594,9.9902,10.0001
918,0.0610779,99.3768,99.3643,9.9853,9.9951
919,0.06026621,99.3839,99.3714,9.9924,10.0022
920,0.06025087,99.383,99.3724,9.9933,10.0032
921,0.06025011,99.3828,99.3726,9.9936,10.003
922,0.06024942,99.3826,99.3728,9.9938,10.0028
923,0.0598495,99.3875,99.3778,9.9888,9.9978
924,0.05948091,99.3922,99.3825,9.9841,9.9931
925,0.05867525,99.3992,99.3895,9.9911,10.0001
926,0.0586746,99.399,99.3897,9.9913,9.9999
927,0.05793533,99.4057,99.3963,9.9979,10.0065
928,0.05725761,99.412,99.4027,10.0042,10.0129
929,0.05670115,99.4177,99.4084,10.0099,10.0072
930,0.05616811,99.4233,99.4139,10.0044,10.0127
931,0.05616505,99.4237,99.4135,10.0048,10.0131
932,0.05616487,99.4238,99.4134,10.0049,10.013
933,0.05562051,99.4294,99.419,10.0105,10.0075
934,0.05512006,99.4347,99.4243,10.0158,10.0021
935,0.05511763,99.4351,99.4239,10.0162,10.0025
936,0.05452888,99.4408,99.4297,10.0219,10.0083
937,0.05399012,99.4463,99.4351,10.0274,10.0137
938,0.05399003,99.4462,99.4352,10.0273,10.0137
939,0.0534969,99.4514,99.4404,10.0326,10.0189
940,0.05296882,99.4568,99.4458,10.0272,10.0135
941,0.05296878,99.4567,99.4458,10.0272,10.0136
942,0.05296808,99.4569,99.4456,10.0271,10.0138
943,0.0524345,99.4623,99.451,10.0217,10.0191
944,0.05195888,99.4673,99.456,10.0267,10.0242
945,0.0515243,99.4722,99.4608,10.0315,10.029
946,0.05152051,99.4717,99.4613,10.0311,10.0285
947,0.05151851,99.472,99.461,10.0308,10.0282
948,0.05097707,99.4774,99.4663,10.0254,10.0229
949,0.05097603,99.4771,99.4665,10.0252,10.0227
950,0.05097509,99.4769,99.4667,10.025,10.0224
951,0.05054007,99.4817,99.4715,10.0298,10.0272
952,0.05053987,99.4816,99.4716,10.0297,10.0273
953,0.05001192,99.4868,99.4768,10.0244,10.0221
954,0.04958517,99.4914,99.4815,10.0291,10.0268
955,0.04958517,99.4914,99.4815,10.0291,10.0268
956,0.04958228,99.4911,99.4819,10.0287,10.0264
957,0.04957965,99.4907,99.4822,10.0284,10.026
958,0.0495795,99.4906,99.4823,10.0283,10.0261
959,0.04957935,99.4905,99.4824,10.0282,10.0262
960,0.04957698,99.4902,99.4827,10.0279,10.0259
961,0.04957567,99.4904,99.4825,10.0276,10.0256
962,0.04957567,99.4904,99.4825,10.0276,10.0256
963,0.0491769,99.4949,99.487,10.0321,10.0301
964,0.04917208,99.4944,99.4875,10.0316,10.0296
965,0.04880488,99.4987,99.4918,10.0359,10.0339
966,0.04835592,99.5035,99.4965,10.0312,10.0386
967,0.04835541,99.5033,99.4966,10.0313,10.0385
968,0.04779594,99.5085,99.5019,10.0261,10.0332
969,0.04779575,99.5086,99.5018,10.0262,10.0331
970,0.04733847,99.5134,99.5065,10.0309,10.0284
971,0.04698633,99.5175,99.5106,10.035,10.0325
972,0.04697845,99.5169,99.5112,10.0344,10.0319
973,0.04697126,99.5163,99.5118,10.0338,10.0313
974,0.04664245,99.5203,99.5158,10.0378,10.0353
975,0.04663189,99.5196,99.5165,10.0371,10.0346
976,0.04620268,99.5241,99.521,10.0326,10.0391
977,0.0458082,99.5284,99.5253,10.0283,10.0434
978,0.04580656,99.5281,99.5256,10.0285,10.0431
979,0.04544252,99.5322,99.5297,10.0244,10.0473
980,0.04495306,99.537,99.5345,10.0292,10.0425
981,0.04494294,99.5377,99.5338,10.0285,10.0418
982,0.04449229,99.5422,99.5384,10.033,10.0373
983,0.04395527,99.5471,99.5433,10.0281,10.0324
984,0.04354334,99.5514,99.5476,10.0324,10.0281
985,0.04353817,99.5519,99.5471,10.0319,10.0276
986,0.04304657,99.5566,99.5518,10.0273,10.0229
987,0.04263953,99.5608,99.556,10.023,10.0272
988,0.04263679,99.5604,99.5563,10.0227,10.0268
989,0.04263661,99.5604,99.5564,10.0228,10.0267
990,0.04263655,99.5604,99.5564,10.0228,10.0267
991,0.0422614,99.5644,99.5604,10.0188,10.0307
992,0.04225921,99.5648,99.5601,10.0185,10.0304
993,0.04183382,99.569,99.5644,10.0228,10.0261
994,0.04139101,99.5734,99.5687,10.0184,10.0218
995,0.04102415,99.5773,99.5727,10.0145,10.0257
996,0.04102305,99.5771,99.5729,10.0147,10.0255
997,0.04061151,99.5812,99.577,10.0189,10.0214
998,0.04024905,99.5851,99.5809,10.015,10.0252
999,0.03984697,99.5892,99.5849,10.0109,10.0212
