it,K_err,Q_diag
0,13.33511756,"[10.0, 10.0, 10.0, 10.0]"
1,12.20493921,"[14.1576, 14.1576, 14.1576, 5.8424]"
2,12.19397937,"[14.5488, 13.7665, 14.5488, 6.2335]"
3,12.18032195,"[14.1069, 14.2083, 14.1069, 6.6753]"
4,11.29006047,"[17.5537, 17.6551, 10.6602, 10.1221]"
5,11.28186963,"[17.8737, 17.3351, 10.9802, 10.4421]"
6,11.27653941,"[18.1316, 17.0772, 11.2381, 10.7]"
7,10.57453533,"[21.0476, 19.9931, 14.154, 13.616]"
8,10.1044143,"[23.3353, 22.2809, 11.8662, 15.9037]"
9,9.67220528,"[25.4786, 24.4241, 14.0095, 18.047]"
10,9.29708275,"[27.4195, 26.365, 15.9504, 16.106]"
11,9.2969581,"[27.3844, 26.4001, 15.9153, 16.1411]"
12,9.29683733,"[27.3501, 26.4344, 15.9496, 16.1068]"
13,9.29646123,"[27.2894, 26.4951, 15.8889, 16.046]"
14,8.99770073,"[28.9901, 28.1959, 17.5896, 17.7468]"
15,8.75140403,"[30.5066, 29.7124, 19.1061, 19.2633]"
16,8.75135448,"[30.4852, 29.7337, 19.0848, 19.2846]"
17,8.74825847,"[30.317, 29.9019, 18.9166, 19.1163]"
18,8.74637866,"[30.4481, 29.7708, 18.7855, 18.9853]"
19,8.74367008,"[30.2908, 29.9282, 18.6282, 18.8279]"
20,8.48854461,"[31.8059, 31.4433, 17.113, 20.343]"
21,8.20339827,"[33.3782, 33.0156, 15.5407, 18.7708]"
22,8.20230297,"[33.2814, 33.1124, 15.4439, 18.674]"
23,7.99915453,"[34.5906, 34.4216, 14.1347, 19.9832]"
24,7.99792367,"[34.6921, 34.3202, 14.2361, 19.8818]"
25,7.82077088,"[35.9016, 35.5298, 15.4457, 21.0913]"
26,7.66838974,"[37.0101, 36.6382, 16.5542, 22.1998]"
27,7.53614483,"[38.0319, 37.66, 17.576, 23.2216]"
28,7.34317249,"[39.2504, 38.8785, 18.7945, 22.0031]"
29,7.3377215,"[39.4537, 38.6752, 18.5912, 21.7999]"
30,7.3376038,"[39.4836, 38.6453, 18.6211, 21.7699]"
31,7.33750183,"[39.5114, 38.6175, 18.6489, 21.7421]"
32,7.11053793,"[40.8111, 39.9172, 17.3492, 20.4424]"
33,7.11041926,"[40.8407, 39.8876, 17.3788, 20.4128]"
34,6.94543377,"[41.9351, 40.982, 18.4732, 19.3184]"
35,6.84643881,"[42.7754, 41.8224, 19.3135, 20.1588]"
36,6.75877868,"[43.5603, 42.6072, 20.0984, 20.9436]"
37,6.7526815,"[43.7662, 42.4012, 19.8924, 20.7376]"
38,6.55177074,"[44.938, 43.5731, 18.7206, 19.5658]"
39,6.55163532,"[44.9078, 43.6033, 18.7508, 19.5356]"
40,6.47159603,"[45.6413, 44.3367, 19.4842, 20.269]"
41,6.3519755,"[46.5295, 45.2249, 18.596, 21.1573]"
42,6.34412946,"[46.3032, 45.4513, 18.3696, 20.9309]"
43,6.16438278,"[47.3773, 46.5254, 17.2955, 19.8568]"
44,6.15991124,"[47.5457, 46.3571, 17.1271, 19.6884]"
45,5.99485129,"[48.5605, 47.3719, 16.1123, 18.6736]"
46,5.9919702,"[48.6938, 47.2386, 15.979, 18.5403]"
47,5.99191639,"[48.7121, 47.2203, 15.9972, 18.5221]"
48,5.84068344,"[49.6707, 48.1789, 15.0386, 17.5634]"
49,5.74526709,"[50.4251, 48.9333, 14.2842, 18.3178]"
50,5.74431485,"[50.3501, 49.0083, 14.3592, 18.2429]"
51,5.74250411,"[50.4536, 48.9048, 14.2557, 18.1394]"
52,5.74157926,"[50.3797, 48.9787, 14.3296, 18.0656]"
53,5.73990116,"[50.4793, 48.8791, 14.23, 17.966]"
54,5.65256126,"[51.1949, 49.5947, 13.5143, 18.6816]"
55,5.65101523,"[51.2898, 49.4999, 13.4195, 18.5868]"
56,5.53089954,"[52.1214, 50.3316, 14.2511, 17.7551]"
57,5.53070329,"[52.1549, 50.2981, 14.2846, 17.7217]"
58,5.5305304,"[52.1863, 50.2667, 14.316, 17.6903]"
59,5.5303781,"[52.2158, 50.2372, 14.3455, 17.6608]"
60,5.52892435,"[52.3067, 50.1463, 14.2546, 17.5698]"
61,5.52762924,"[52.3925, 50.0604, 14.1687, 17.484]"
62,5.52455008,"[52.2602, 50.1928, 14.0364, 17.3517]"
63,5.40031519,"[53.095, 51.0276, 13.2015, 16.5168]"
64,5.39933512,"[53.0213, 51.1013, 13.2753, 16.4431]"
65,5.28533225,"[53.8123, 51.8924, 12.4843, 15.6521]"
66,5.18111553,"[54.561, 52.6411, 11.7355, 14.9033]"
67,5.18070585,"[54.5142, 52.6879, 11.6887, 14.8566]"
68,5.10709162,"[55.139, 53.3127, 11.064, 15.4813]"
69,5.10635383,"[55.2014, 53.2502, 11.1264, 15.4189]"
70,5.01458805,"[55.8925, 53.9413, 10.4354, 14.7279]"
71,5.01454619,"[55.8777, 53.956, 10.4501, 14.7426]"
72,5.0144807,"[55.8593, 53.9744, 10.4317, 14.7242]"
73,4.93121866,"[56.512, 54.6271, 9.779, 14.0715]"
74,4.8450912,"[57.1722, 55.2872, 10.4391, 14.7317]"
75,4.84334085,"[57.0788, 55.3806, 10.5325, 14.6383]"
76,4.76716594,"[57.6939, 55.9957, 11.1476, 15.2534]"
77,4.68372808,"[58.3304, 56.6322, 10.5111, 14.6169]"
78,4.68294046,"[58.3921, 56.5704, 10.5729, 14.5552]"
79,4.60684569,"[58.9949, 57.1732, 9.9701, 13.9524]"
80,4.60684531,"[58.9935, 57.1745, 9.9688, 13.9511]"
81,4.60669841,"[58.9671, 57.2009, 9.9952, 13.9775]"
82,4.60505795,"[58.879, 57.2891, 10.0834, 13.8894]"
83,4.6050579,"[58.8785, 57.2896, 10.0829, 13.8889]"
84,4.60505785,"[58.878, 57.2901, 10.0824, 13.8884]"
85,4.6049483,"[58.8552, 57.3129, 10.1052, 13.9112]"
86,4.6041806,"[58.9157, 57.2524, 10.1656, 13.8507]"
87,4.5344815,"[59.4879, 57.8247, 9.5934, 13.2785]"
88,4.48069223,"[59.988, 58.3247, 9.0933, 13.7785]"
89,4.48028795,"[59.9448, 58.368, 9.1365, 13.8217]"
90,4.4788395,"[60.0267, 58.286, 9.2185, 13.7398]"
91,4.4775785,"[60.1031, 58.2096, 9.2949, 13.6633]"
92,4.47648054,"[60.1745, 58.1383, 9.3662, 13.592]"
93,4.42634507,"[60.6541, 58.618, 8.8865, 14.0717]"
94,4.36641494,"[61.1748, 59.1386, 8.3659, 13.5511]"
95,4.36456754,"[61.2661, 59.0472, 8.4573, 13.4597]"
96,4.36360951,"[61.2005, 59.1129, 8.523, 13.5254]"
97,4.36071263,"[61.0864, 59.2269, 8.637, 13.4114]"
98,4.35916103,"[61.1701, 59.1432, 8.7207, 13.3277]"
99,4.35892719,"[61.2026, 59.1108, 8.7531, 13.3601]"
100,4.31352705,"[61.6532, 59.5614, 8.3025, 13.8107]"
101,4.27307396,"[62.0764, 59.9846, 7.8793, 14.2339]"
102,4.22127873,"[62.5522, 60.4604, 7.4035, 13.7581]"
103,4.17467826,"[63.001, 60.9092, 6.9547, 13.3093]"
104,4.09149967,"[63.5978, 61.506, 7.5516, 13.9062]"
105,4.09095684,"[63.6457, 61.4581, 7.5994, 13.9541]"
106,3.99724879,"[64.2712, 62.0836, 8.2249, 13.3286]"
107,3.95108775,"[64.7056, 62.518, 7.7906, 12.8942]"
108,3.91697952,"[65.0776, 62.89, 7.4186, 13.2662]"
109,3.91403969,"[65.1867, 62.7808, 7.5277, 13.157]"
110,3.87361102,"[65.5892, 63.1833, 7.1252, 12.7546]"
111,3.87118071,"[65.4907, 63.2819, 7.2238, 12.8531]"
112,3.86903829,"[65.3982, 63.3743, 7.3163, 12.9456]"
113,3.79551602,"[65.9382, 63.9143, 7.8562, 13.4855]"
114,3.73023026,"[66.442, 64.4182, 8.3601, 13.9894]"
115,3.67207372,"[66.9134, 64.8896, 8.8315, 14.4608]"
116,3.66973833,"[67.0075, 64.7955, 8.9256, 14.3668]"
117,3.61793028,"[67.4487, 65.2368, 9.3668, 14.808]"
118,3.54405326,"[67.9704, 65.7584, 9.8885, 14.2864]"
119,3.54405314,"[67.9697, 65.7591, 9.8891, 14.287]"
120,3.47679307,"[68.4624, 66.2518, 10.3818, 13.7943]"
121,3.42631143,"[68.8851, 66.6745, 9.9591, 13.3716]"
122,3.38009271,"[69.2868, 67.0762, 9.5575, 12.97]"
123,3.37835317,"[69.2091, 67.1539, 9.6351, 12.8923]"
124,3.37678508,"[69.1354, 67.2276, 9.7088, 12.8186]"
125,3.31760924,"[69.5868, 67.679, 10.1602, 12.3672]"
126,3.27156061,"[69.9822, 68.0744, 10.5556, 12.7626]"
127,3.21924001,"[70.3999, 68.4921, 10.9734, 12.3448]"
128,3.21923061,"[70.3944, 68.4977, 10.9789, 12.3504]"
129,3.18229934,"[70.7428, 68.8461, 10.6305, 12.6989]"
130,3.132343,"[71.1454, 69.2487, 11.033, 12.2963]"
131,3.13233925,"[71.1419, 69.2522, 11.0365, 12.2998]"
132,3.13195631,"[71.1069, 69.2872, 11.0716, 12.2647]"
133,3.09588742,"[71.4465, 69.6269, 10.7319, 12.6044]"
134,3.05361723,"[71.8115, 69.9919, 10.3669, 12.2394]"
135,3.01402883,"[72.1631, 70.3435, 10.7186, 12.591]"
136,3.01384469,"[72.1393, 70.3674, 10.6947, 12.5672]"
137,3.01370522,"[72.1601, 70.3466, 10.7155, 12.5464]"
138,2.97286095,"[72.514, 70.7006, 10.3615, 12.1924]"
139,2.97220599,"[72.4694, 70.7453, 10.4062, 12.1477]"
140,2.9716135,"[72.4269, 70.7877, 10.4487, 12.1052]"
141,2.94018258,"[72.7358, 71.0967, 10.1398, 12.4142]"
142,2.91169882,"[73.0284, 71.3892, 9.8472, 12.7067]"
143,2.88589896,"[73.3055, 71.6664, 9.5701, 12.9839]"
144,2.84957121,"[73.633, 71.9939, 9.8975, 13.3113]"
145,2.79966771,"[74.0135, 72.3743, 10.278, 12.9309]"
146,2.79966438,"[74.0166, 72.3712, 10.2749, 12.9278]"
147,2.76231549,"[74.3428, 72.6974, 9.9487, 12.6016]"
148,2.72803516,"[74.6533, 73.008, 9.6381, 12.291]"
149,2.72748059,"[74.6928, 72.9685, 9.6776, 12.2516]"
150,2.72698768,"[74.73, 72.9313, 9.7148, 12.2144]"
151,2.68259867,"[75.0812, 73.2826, 10.066, 11.8631]"
152,2.68246202,"[75.0618, 73.302, 10.0854, 11.8825]"
153,2.68245689,"[75.058, 73.3057, 10.0817, 11.8788]"
154,2.65111158,"[75.3508, 73.5984, 9.789, 11.5861]"
155,2.6146021,"[75.6653, 73.913, 10.1035, 11.9007]"
156,2.61459078,"[75.6598, 73.9185, 10.098, 11.8951]"
157,2.57532869,"[75.9833, 74.242, 10.4215, 11.5717]"
158,2.5753011,"[75.9918, 74.2334, 10.43, 11.5631]"
159,2.57528154,"[75.9847, 74.2406, 10.4229, 11.5559]"
160,2.54498107,"[76.2666, 74.5226, 10.1409, 11.274]"
161,2.54471984,"[76.2405, 74.5487, 10.167, 11.3001]"
162,2.51677559,"[76.5097, 74.8179, 9.8978, 11.0309]"
163,2.48170854,"[76.8098, 75.118, 10.1979, 10.7308]"
164,2.44665819,"[77.108, 75.4162, 10.4961, 11.029]"
165,2.41503382,"[77.3892, 75.6974, 10.7773, 11.3102]"
166,2.41498698,"[77.3784, 75.7082, 10.7881, 11.321]"
167,2.38599015,"[77.6454, 75.9752, 10.521, 11.054]"
168,2.3594186,"[77.8998, 76.2296, 10.2666, 11.3084]"
169,2.35941647,"[77.8976, 76.2319, 10.2644, 11.3061]"
170,2.33321786,"[78.1485, 76.4829, 10.0134, 11.0551]"
171,2.30922891,"[78.3874, 76.7217, 9.7745, 10.8162]"
172,2.27604363,"[78.6673, 77.0016, 10.0543, 11.0961]"
173,2.27577155,"[78.642, 77.0268, 10.0795, 11.1213]"
174,2.27542684,"[78.6137, 77.0551, 10.1079, 11.0929]"
175,2.24569226,"[78.8766, 77.3181, 10.3708, 11.3559]"
176,2.24567518,"[78.8704, 77.3244, 10.3646, 11.3496]"
177,2.2455999,"[78.8572, 77.3375, 10.3777, 11.3628]"
178,2.21561624,"[79.1192, 77.5995, 10.6397, 11.1008]"
179,2.19030054,"[79.3582, 77.8385, 10.4007, 10.8618]"
180,2.16636282,"[79.5895, 78.0699, 10.1694, 11.0931]"
181,2.16618296,"[79.5695, 78.0899, 10.1894, 11.1131]"
182,2.14442287,"[79.7889, 78.3093, 9.97, 11.3325]"
183,2.11420324,"[80.0459, 78.5663, 10.227, 11.0755]"
184,2.11418864,"[80.0515, 78.5606, 10.2326, 11.0699]"
185,2.08666816,"[80.2951, 78.8042, 10.4762, 10.8263]"
186,2.08651873,"[80.2772, 78.8221, 10.4941, 10.8442]"
187,2.06142457,"[80.5083, 79.0532, 10.7252, 10.6131]"
188,2.03706961,"[80.7346, 79.2795, 10.4989, 10.8394]"
189,2.01272646,"[80.9595, 79.5044, 10.7238, 10.6146]"
190,1.99111248,"[81.17, 79.7149, 10.5133, 10.404]"
191,1.99102949,"[81.157, 79.7279, 10.5002, 10.4171]"
192,1.97120451,"[81.3576, 79.9285, 10.2996, 10.2165]"
193,1.97118446,"[81.3512, 79.9348, 10.306, 10.2101]"
194,1.95303099,"[81.5422, 80.1259, 10.115, 10.0191]"
195,1.95284891,"[81.5613, 80.1068, 10.1341, 10.0382]"
196,1.93137952,"[81.7682, 80.3137, 10.341, 9.8313]"
197,1.91489937,"[81.9484, 80.4939, 10.1608, 9.6511]"
198,1.9146681,"[81.9271, 80.5152, 10.1394, 9.6725]"
199,1.91446212,"[81.9069, 80.5354, 10.1193, 9.6926]"
200,1.89072868,"[82.1223, 80.7507, 9.9039, 9.9079]"
201,1.86180352,"[82.3586, 80.987, 10.1402, 10.1442]"
202,1.84558199,"[82.5341, 81.1625, 9.9647, 9.9687]"
203,1.81805673,"[82.7618, 81.3902, 10.1925, 10.1965]"
204,1.81758487,"[82.7322, 81.4199, 10.2221, 10.2261]"
205,1.79704162,"[82.9274, 81.6151, 10.0269, 10.4213]"
206,1.78088774,"[83.0994, 81.7872, 9.8549, 10.2493]"
207,1.76240684,"[83.2827, 81.9705, 9.6716, 10.4326]"
208,1.7618,"[83.2496, 82.0036, 9.7047, 10.4657]"
209,1.74701104,"[83.4126, 82.1666, 9.5417, 10.3027]"
210,1.74676996,"[83.3918, 82.1874, 9.5624, 10.2819]"
211,1.74599747,"[83.3546, 82.2246, 9.5997, 10.3191]"
212,1.72929585,"[83.5272, 82.3972, 9.4271, 10.4917]"
213,1.70377595,"[83.7395, 82.6095, 9.6393, 10.704]"
214,1.70338374,"[83.7133, 82.6356, 9.6655, 10.7302]"
215,1.68038844,"[83.9131, 82.8354, 9.8653, 10.5304]"
216,1.66557863,"[84.0724, 82.9947, 9.706, 10.3711]"
217,1.66537998,"[84.0908, 82.9763, 9.7244, 10.3895]"
218,1.64456469,"[84.2788, 83.1643, 9.9124, 10.2015]"
219,1.62141068,"[84.476, 83.3615, 10.1096, 10.3986]"
220,1.60463574,"[84.6426, 83.5281, 9.943, 10.5652]"
221,1.58935063,"[84.8008, 83.6863, 9.7848, 10.7235]"
222,1.58908207,"[84.7799, 83.7072, 9.8057, 10.7444]"
223,1.56881513,"[84.9612, 83.8886, 9.987, 10.9257]"
224,1.5687148,"[84.9485, 83.9013, 9.9997, 10.9384]"
225,1.55042877,"[85.1197, 84.0724, 10.1709, 11.1096]"
226,1.55012458,"[85.0977, 84.0944, 10.1928, 11.0876]"
227,1.53007724,"[85.2756, 84.2723, 10.3708, 10.9097]"
228,1.52993986,"[85.2609, 84.287, 10.3854, 10.895]"
229,1.51336588,"[85.4216, 84.4476, 10.2248, 10.7344]"
230,1.49884314,"[85.5713, 84.5974, 10.075, 10.8841]"
231,1.49859835,"[85.552, 84.6167, 10.0944, 10.8647]"
232,1.48153536,"[85.7135, 84.7783, 10.256, 11.0263]"
233,1.48150978,"[85.7073, 84.7846, 10.2498, 11.0201]"
234,1.48150049,"[85.7036, 84.7883, 10.2535, 11.0239]"
235,1.48149209,"[85.7, 84.7919, 10.2571, 11.0274]"
236,1.46600575,"[85.8531, 84.945, 10.4102, 11.1805]"
237,1.46578864,"[85.835, 84.963, 10.4282, 11.1625]"
238,1.465745,"[85.8431, 84.9549, 10.4363, 11.1544]"
239,1.45168163,"[85.9882, 85.1, 10.5814, 11.2995]"
240,1.45163771,"[85.9963, 85.0919, 10.5733, 11.2914]"
241,1.45144323,"[85.9793, 85.1089, 10.5903, 11.2744]"
242,1.45126572,"[85.9631, 85.1252, 10.6066, 11.2582]"
243,1.45110371,"[85.9476, 85.1407, 10.6221, 11.2427]"
244,1.43311439,"[86.1105, 85.3036, 10.4592, 11.0798]"
245,1.43303056,"[86.0994, 85.3147, 10.4481, 11.0687]"
246,1.43302688,"[86.1017, 85.3123, 10.4458, 11.0664]"
247,1.41560803,"[86.2612, 85.4718, 10.6052, 10.9069]"
248,1.41560437,"[86.2635, 85.4695, 10.6029, 10.9046]"
249,1.39964015,"[86.4152, 85.6212, 10.7547, 10.7529]"
250,1.3996203,"[86.4099, 85.6266, 10.7493, 10.7582]"
251,1.38625501,"[86.5481, 85.7648, 10.8875, 10.8964]"
252,1.3862149,"[86.5556, 85.7573, 10.88, 10.8889]"
253,1.38619629,"[86.5505, 85.7624, 10.8749, 10.894]"
254,1.36911852,"[86.7056, 85.9175, 10.7197, 10.7389]"
255,1.36903143,"[86.6946, 85.9286, 10.7087, 10.7278]"
256,1.35334364,"[86.8424, 86.0764, 10.5609, 10.58]"
257,1.35333453,"[86.8388, 86.08, 10.5644, 10.5836]"
258,1.35332221,"[86.8347, 86.0841, 10.5686, 10.5795]"
259,1.35331416,"[86.8313, 86.0874, 10.5719, 10.5828]"
260,1.33914176,"[86.9712, 86.2273, 10.7117, 10.443]"
261,1.32390866,"[87.1153, 86.3714, 10.5676, 10.5872]"
262,1.31006335,"[87.252, 86.5081, 10.7043, 10.4505]"
263,1.29672953,"[87.3856, 86.6417, 10.8378, 10.584]"
264,1.28460948,"[87.5123, 86.7684, 10.9645, 10.7107]"
265,1.27359203,"[87.6326, 86.8886, 11.0848, 10.831]"
266,1.27326424,"[87.6119, 86.9093, 11.0641, 10.8103]"
267,1.25681428,"[87.7578, 87.0552, 10.9182, 10.6644]"
268,1.24276673,"[87.8919, 87.1893, 10.7841, 10.7985]"
269,1.24275593,"[87.8882, 87.193, 10.7878, 10.7948]"
270,1.23001904,"[88.0152, 87.32, 10.9148, 10.6678]"
271,1.22995255,"[88.006, 87.3292, 10.9057, 10.677]"
272,1.22977622,"[87.9911, 87.3441, 10.8908, 10.6621]"
273,1.21912489,"[88.1068, 87.4598, 11.0064, 10.7778]"
274,1.21903112,"[88.1176, 87.4489, 10.9956, 10.7669]"
275,1.21894599,"[88.1279, 87.4386, 10.9853, 10.7566]"
276,1.21888495,"[88.1192, 87.4474, 10.9766, 10.7654]"
277,1.21888486,"[88.1195, 87.447, 10.9762, 10.7657]"
278,1.20340599,"[88.258, 87.5855, 10.8378, 10.6272]"
279,1.20334991,"[88.2496, 87.5938, 10.8295, 10.6356]"
280,1.19177532,"[88.3688, 87.713, 10.9486, 10.5164]"
281,1.19176025,"[88.3731, 87.7087, 10.9443, 10.5207]"
282,1.19173817,"[88.3783, 87.7035, 10.9391, 10.5155]"
283,1.18111018,"[88.4919, 87.8171, 11.0528, 10.4018]"
284,1.18088193,"[88.4753, 87.8338, 11.0362, 10.4185]"
285,1.17060195,"[88.5866, 87.9451, 11.1475, 10.5298]"
286,1.15626188,"[88.7174, 88.0758, 11.0168, 10.6606]"
287,1.14308881,"[88.8419, 88.2004, 10.8923, 10.7851]"
288,1.14282425,"[88.8243, 88.218, 10.8747, 10.7675]"
289,1.1283683,"[88.9539, 88.3475, 10.7451, 10.6379]"
290,1.11734095,"[89.0665, 88.4602, 10.8577, 10.5253]"
291,1.10408208,"[89.1892, 88.5829, 10.735, 10.4026]"
292,1.09146362,"[89.3083, 88.702, 10.6159, 10.5217]"
293,1.0914622,"[89.3071, 88.7033, 10.6171, 10.5205]"
294,1.08131492,"[89.4134, 88.8096, 10.7235, 10.6268]"
295,1.08117684,"[89.4011, 88.822, 10.7111, 10.6145]"
296,1.08117575,"[89.4, 88.8231, 10.7122, 10.6134]"
297,1.07185752,"[89.5014, 88.9245, 10.8137, 10.7148]"
298,1.06338065,"[89.5978, 89.0209, 10.91, 10.8111]"
299,1.05228459,"[89.7074, 89.1305, 10.8004, 10.9208]"
300,1.05228282,"[89.706, 89.1319, 10.799, 10.9222]"
301,1.05194252,"[89.6869, 89.151, 10.7798, 10.903]"
302,1.05163321,"[89.6686, 89.1693, 10.7616, 10.8848]"
303,1.05149803,"[89.6807, 89.1572, 10.7495, 10.8727]"
304,1.04130981,"[89.7852, 89.2617, 10.6451, 10.9772]"
305,1.03196563,"[89.8847, 89.3613, 10.5455, 11.0768]"
306,1.03169149,"[89.8677, 89.3783, 10.5284, 11.0598]"
307,1.03144238,"[89.8515, 89.3945, 10.5122, 11.0435]"
308,1.03121605,"[89.836, 89.41, 10.4968, 11.0281]"
309,1.02329941,"[89.9274, 89.5013, 10.5881, 11.1194]"
310,1.02318168,"[89.9163, 89.5124, 10.5992, 11.1083]"
311,1.02307399,"[89.9057, 89.523, 10.6098, 11.0977]"
312,1.0094035,"[90.0248, 89.6422, 10.4906, 10.9785]"
313,0.99756126,"[90.1352, 89.7525, 10.6009, 10.8682]"
314,0.99736307,"[90.1209, 89.7667, 10.5867, 10.854]"
315,0.99726353,"[90.131, 89.7567, 10.5766, 10.8439]"
316,0.9971731,"[90.1406, 89.747, 10.567, 10.8343]"
317,0.99700584,"[90.1276, 89.7601, 10.554, 10.8212]"
318,0.98790648,"[90.2237, 89.8563, 10.4578, 10.9174]"
319,0.98781414,"[90.2141, 89.8659, 10.4675, 10.9077]"
320,0.98772972,"[90.2048, 89.8752, 10.4767, 10.8985]"
321,0.97989873,"[90.2937, 89.9641, 10.5656, 10.9874]"
322,0.9798651,"[90.2995, 89.9582, 10.5714, 10.9816]"
323,0.96868164,"[90.4052, 90.0639, 10.677, 10.876]"
324,0.95971482,"[90.4992, 90.158, 10.5829, 10.97]"
325,0.94885082,"[90.6023, 90.261, 10.686, 10.867]"
326,0.9400477,"[90.6945, 90.3533, 10.5937, 10.9593]"
327,0.93986935,"[90.7076, 90.3402, 10.5806, 10.9462]"
328,0.93960541,"[90.6917, 90.3561, 10.5647, 10.9302]"
329,0.93954142,"[90.6839, 90.3639, 10.5725, 10.9224]"
330,0.92902334,"[90.7842, 90.4642, 10.6728, 10.8221]"
331,0.92902265,"[90.785, 90.4634, 10.6736, 10.8213]"
332,0.92031505,"[90.8758, 90.5542, 10.5828, 10.9121]"
333,0.92026081,"[90.8686, 90.5614, 10.59, 10.9049]"
334,0.91374383,"[90.9469, 90.6396, 10.6683, 10.9832]"
335,0.90114732,"[91.055, 90.7477, 10.5602, 10.8751]"
336,0.89469051,"[91.1321, 90.8248, 10.6373, 10.9522]"
337,0.89445815,"[91.1467, 90.8103, 10.6227, 10.9376]"
338,0.89440539,"[91.1397, 90.8172, 10.6296, 10.9307]"
339,0.88230711,"[91.2446, 90.922, 10.5248, 10.8259]"
340,0.88218762,"[91.255, 90.9116, 10.5144, 10.8155]"
341,0.87245212,"[91.3485, 91.0051, 10.6079, 10.722]"
342,0.86138301,"[91.4475, 91.1042, 10.5089, 10.6229]"
343,0.8613349,"[91.454, 91.0977, 10.5024, 10.6164]"
344,0.86132003,"[91.4504, 91.1013, 10.506, 10.6128]"
345,0.86127584,"[91.4566, 91.0951, 10.4998, 10.6066]"
346,0.86123568,"[91.4626, 91.0891, 10.4938, 10.6006]"
347,0.861133,"[91.4531, 91.0986, 10.4843, 10.5911]"
348,0.85227449,"[91.5412, 91.1868, 10.5725, 10.5029]"
349,0.84230708,"[91.6342, 91.2797, 10.4795, 10.41]"
350,0.84226398,"[91.6281, 91.2858, 10.4734, 10.4039]"
351,0.8336013,"[91.7143, 91.372, 10.3872, 10.4901]"
352,0.83359505,"[91.7166, 91.3697, 10.3849, 10.4878]"
353,0.82611205,"[91.7964, 91.4495, 10.4647, 10.5676]"
354,0.81650955,"[91.8862, 91.5393, 10.3749, 10.4779]"
355,0.81650952,"[91.886, 91.5395, 10.3748, 10.478]"
356,0.81649579,"[91.8827, 91.5429, 10.3781, 10.4746]"
357,0.81649572,"[91.8824, 91.5431, 10.3779, 10.4749]"
358,0.81648313,"[91.8792, 91.5463, 10.3812, 10.4716]"
359,0.81647162,"[91.8761, 91.5494, 10.3843, 10.4685]"
360,0.81643489,"[91.8705, 91.555, 10.3787, 10.463]"
361,0.81640154,"[91.8653, 91.5603, 10.3734, 10.4577]"
362,0.81637124,"[91.8602, 91.5653, 10.3684, 10.4527]"
363,0.80893614,"[91.939, 91.644, 10.4471, 10.5314]"
364,0.80886326,"[91.9312, 91.6518, 10.4394, 10.5236]"
365,0.80062656,"[92.0136, 91.7342, 10.5217, 10.4412]"
366,0.80061403,"[92.0104, 91.7374, 10.5185, 10.4444]"
367,0.79303289,"[92.089, 91.816, 10.5972, 10.3658]"
368,0.78642476,"[92.1622, 91.8892, 10.6703, 10.439]"
369,0.7863804,"[92.1562, 91.8952, 10.6644, 10.4449]"
370,0.78631213,"[92.1636, 91.8877, 10.657, 10.4375]"
371,0.7861801,"[92.1533, 91.8981, 10.6466, 10.4272]"
372,0.7767456,"[92.2401, 91.9849, 10.5598, 10.3404]"
373,0.77673673,"[92.2428, 91.9822, 10.5572, 10.3431]"
374,0.7682809,"[92.3245, 92.064, 10.4754, 10.4248]"
375,0.76826025,"[92.3286, 92.06, 10.4714, 10.4208]"
376,0.76049369,"[92.4065, 92.1379, 10.3934, 10.4988]"
377,0.7604352,"[92.3998, 92.1447, 10.3866, 10.492]"
378,0.76038204,"[92.3934, 92.1511, 10.3802, 10.4856]"
379,0.75386813,"[92.4645, 92.2222, 10.4513, 10.5567]"
380,0.75385705,"[92.4616, 92.2252, 10.4543, 10.5538]"
381,0.75385679,"[92.462, 92.2247, 10.4547, 10.5533]"
382,0.75380316,"[92.4684, 92.2183, 10.4483, 10.5469]"
383,0.74490121,"[92.551, 92.3009, 10.3657, 10.4643]"
384,0.74485781,"[92.5453, 92.3066, 10.3599, 10.4586]"
385,0.73786665,"[92.6181, 92.3795, 10.2871, 10.5314]"
386,0.72977859,"[92.6961, 92.4574, 10.3651, 10.4535]"
387,0.72350783,"[92.7644, 92.5258, 10.4334, 10.5218]"
388,0.72349863,"[92.7618, 92.5284, 10.436, 10.5192]"
389,0.71618946,"[92.8352, 92.6018, 10.5094, 10.4458]"
390,0.70772314,"[92.9137, 92.6803, 10.4309, 10.3673]"
391,0.70772313,"[92.9138, 92.6802, 10.4309, 10.3674]"
392,0.70167502,"[92.9799, 92.7463, 10.497, 10.4335]"
393,0.70166576,"[92.9773, 92.7489, 10.4944, 10.4361]"
394,0.69460919,"[93.0483, 92.8199, 10.4234, 10.5071]"
395,0.68813123,"[93.1161, 92.8877, 10.3557, 10.5748]"
396,0.68807793,"[93.1222, 92.8815, 10.3495, 10.5687]"
397,0.68804413,"[93.1173, 92.8864, 10.3544, 10.5638]"
398,0.68801321,"[93.1126, 92.8911, 10.3591, 10.5591]"
399,0.68065228,"[93.1845, 92.9629, 10.4309, 10.4873]"
400,0.68055659,"[93.1763, 92.971, 10.4227, 10.4792]"
401,0.67255656,"[93.2507, 93.0454, 10.3483, 10.4048]"
402,0.66618396,"[93.3168, 93.1115, 10.2822, 10.4709]"
403,0.65905489,"[93.3863, 93.1811, 10.3518, 10.4013]"
404,0.65175779,"[93.4562, 93.251, 10.2819, 10.3314]"
405,0.64555646,"[93.5204, 93.3152, 10.2177, 10.3956]"
406,0.64554944,"[93.5226, 93.313, 10.2198, 10.3934]"
407,0.64553602,"[93.5196, 93.316, 10.2169, 10.3905]"
408,0.63963463,"[93.582, 93.3783, 10.2792, 10.4528]"
409,0.63256566,"[93.6498, 93.4461, 10.2114, 10.385]"
410,0.63254169,"[93.6458, 93.4501, 10.2154, 10.3811]"
411,0.62694776,"[93.7059, 93.5101, 10.1553, 10.4411]"
412,0.62125901,"[93.7662, 93.5705, 10.2157, 10.5015]"
413,0.61423733,"[93.8329, 93.6371, 10.2823, 10.4348]"
414,0.61423261,"[93.8346, 93.6354, 10.284, 10.4331]"
415,0.60740766,"[93.8999, 93.7007, 10.2187, 10.3678]"
416,0.60740544,"[93.901, 93.6995, 10.2176, 10.3667]"
417,0.60740114,"[93.9027, 93.6979, 10.2192, 10.365]"
418,0.60738195,"[93.8992, 93.7013, 10.2227, 10.3616]"
419,0.60195653,"[93.9572, 93.7593, 10.1647, 10.4195]"
420,0.59698253,"[94.0124, 93.8145, 10.1094, 10.4748]"
421,0.59689635,"[94.0052, 93.8218, 10.1167, 10.4675]"
422,0.58985107,"[94.0706, 93.8872, 10.1821, 10.4021]"
423,0.58984725,"[94.0721, 93.8857, 10.1806, 10.4006]"
424,0.58984378,"[94.0736, 93.8842, 10.1792, 10.3991]"
425,0.58982839,"[94.0766, 93.8812, 10.1822, 10.3961]"
426,0.58337502,"[94.1389, 93.9435, 10.2445, 10.3338]"
427,0.57802722,"[94.1953, 93.9998, 10.1881, 10.3902]"
428,0.57802336,"[94.1968, 93.9983, 10.1866, 10.3887]"
429,0.57799059,"[94.1924, 94.0027, 10.191, 10.3843]"
430,0.57305676,"[94.2463, 94.0567, 10.1371, 10.4382]"
431,0.56705983,"[94.3054, 94.1158, 10.0779, 10.3791]"
432,0.5604904,"[94.367, 94.1774, 10.1395, 10.3175]"
433,0.55516662,"[94.4222, 94.2325, 10.1947, 10.3727]"
434,0.55515766,"[94.4244, 94.2303, 10.197, 10.3705]"
435,0.54931072,"[94.4819, 94.2877, 10.1395, 10.313]"
436,0.54930744,"[94.4805, 94.2891, 10.1382, 10.3116]"
437,0.5492807,"[94.4767, 94.293, 10.142, 10.3078]"
438,0.54407721,"[94.5307, 94.347, 10.196, 10.3618]"
439,0.54405762,"[94.5274, 94.3503, 10.1927, 10.3585]"
440,0.54403345,"[94.5237, 94.3539, 10.1964, 10.3548]"
441,0.53926489,"[94.5752, 94.4054, 10.2479, 10.4063]"
442,0.53924197,"[94.5787, 94.4019, 10.2443, 10.4027]"
443,0.53353549,"[94.6347, 94.4578, 10.3003, 10.3467]"
444,0.52755926,"[94.6916, 94.5148, 10.2434, 10.2898]"
445,0.52755922,"[94.6915, 94.5149, 10.2432, 10.29]"
446,0.52754091,"[94.6883, 94.5181, 10.2401, 10.2868]"
447,0.52289701,"[94.7383, 94.5681, 10.2901, 10.3368]"
448,0.52289248,"[94.7368, 94.5696, 10.2916, 10.3353]"
449,0.52284818,"[94.7319, 94.5745, 10.2868, 10.3304]"
450,0.51858134,"[94.7797, 94.6222, 10.3345, 10.3781]"
451,0.51853606,"[94.7846, 94.6173, 10.3296, 10.3732]"
452,0.51373053,"[94.8349, 94.6677, 10.2792, 10.4236]"
453,0.51368647,"[94.8398, 94.6629, 10.2744, 10.4188]"
454,0.51368105,"[94.8414, 94.6612, 10.2761, 10.4171]"
455,0.50979183,"[94.8866, 94.7064, 10.3213, 10.4623]"
456,0.50971662,"[94.8929, 94.7001, 10.315, 10.456]"
457,0.50441718,"[94.9453, 94.7526, 10.3674, 10.4036]"
458,0.50429692,"[94.9374, 94.7604, 10.3596, 10.3957]"
459,0.49813869,"[94.9936, 94.8166, 10.3034, 10.3395]"
460,0.49810991,"[94.9974, 94.8128, 10.2996, 10.3357]"
461,0.49805127,"[94.992, 94.8182, 10.2941, 10.3302]"
462,0.49412514,"[95.0367, 94.8629, 10.3388, 10.3749]"
463,0.49412494,"[95.0363, 94.8632, 10.3385, 10.3753]"
464,0.49412111,"[95.035, 94.8646, 10.3399, 10.3739]"
465,0.49412088,"[95.0346, 94.865, 10.3395, 10.3742]"
466,0.48934315,"[95.0836, 94.914, 10.3886, 10.3252]"
467,0.48446663,"[95.1329, 94.9633, 10.3393, 10.3745]"
468,0.48100904,"[95.1743, 95.0047, 10.3806, 10.4158]"
469,0.47486367,"[95.2291, 95.0595, 10.3258, 10.361]"
470,0.4702761,"[95.2762, 95.1066, 10.3729, 10.3139]"
471,0.47018039,"[95.2694, 95.1134, 10.3662, 10.3071]"
472,0.46456906,"[95.3212, 95.1651, 10.3144, 10.2554]"
473,0.46452307,"[95.3165, 95.1698, 10.3097, 10.2507]"
474,0.45988269,"[95.3634, 95.2167, 10.2628, 10.2976]"
475,0.45988262,"[95.3632, 95.2169, 10.2627, 10.2977]"
476,0.45475417,"[95.4122, 95.2658, 10.2137, 10.2488]"
477,0.45475035,"[95.4135, 95.2645, 10.2124, 10.2475]"
478,0.45031564,"[95.4588, 95.3098, 10.2577, 10.2021]"
479,0.45031214,"[95.4601, 95.3086, 10.2564, 10.2009]"
480,0.44624049,"[95.5033, 95.3518, 10.2997, 10.1576]"
481,0.4462373,"[95.5045, 95.3506, 10.2984, 10.1564]"
482,0.44623008,"[95.5063, 95.3488, 10.2966, 10.1582]"
483,0.44146457,"[95.5529, 95.3953, 10.2501, 10.2048]"
484,0.43684526,"[95.5984, 95.4408, 10.2046, 10.1592]"
485,0.43684134,"[95.5971, 95.4421, 10.2032, 10.1579]"
486,0.43684131,"[95.5972, 95.442, 10.2031, 10.158]"
487,0.43684103,"[95.5969, 95.4424, 10.2035, 10.1584]"
488,0.43683431,"[95.5951, 95.4441, 10.2017, 10.1601]"
489,0.43683409,"[95.5948, 95.4444, 10.2021, 10.1604]"
490,0.43682805,"[95.5932, 95.4461, 10.2004, 10.1621]"
491,0.43682258,"[95.5916, 95.4476, 10.1988, 10.1637]"
492,0.43255788,"[95.6351, 95.4912, 10.1553, 10.1201]"
493,0.43255065,"[95.6333, 95.493, 10.1571, 10.1219]"
494,0.43254408,"[95.6316, 95.4947, 10.1588, 10.1236]"
495,0.43254398,"[95.6318, 95.4945, 10.159, 10.1238]"
496,0.43254398,"[95.6319, 95.4944, 10.159, 10.1239]"
497,0.43253805,"[95.6302, 95.4961, 10.1606, 10.1255]"
498,0.43253265,"[95.6287, 95.4976, 10.1622, 10.127]"
499,0.43252774,"[95.6272, 95.4991, 10.1636, 10.1285]"
500,0.43252328,"[95.6258, 95.5005, 10.165, 10.1299]"
501,0.42826389,"[95.6692, 95.5438, 10.2084, 10.1733]"
502,0.42826388,"[95.6692, 95.5438, 10.2083, 10.1734]"
503,0.42826386,"[95.6693, 95.5437, 10.2083, 10.1734]"
504,0.42399517,"[95.7124, 95.5868, 10.1651, 10.1303]"
505,0.42009009,"[95.7535, 95.6279, 10.2062, 10.0892]"
506,0.41650736,"[95.7927, 95.6671, 10.2454, 10.0501]"
507,0.41650386,"[95.7915, 95.6683, 10.2466, 10.0513]"
508,0.41246853,"[95.8329, 95.7097, 10.288, 10.0927]"
509,0.41242302,"[95.8285, 95.7141, 10.2836, 10.0971]"
510,0.41242254,"[95.8289, 95.7136, 10.2832, 10.0966]"
511,0.40873646,"[95.8683, 95.753, 10.3226, 10.136]"
512,0.40537411,"[95.9058, 95.7905, 10.36, 10.1735]"
513,0.40533256,"[95.9016, 95.7946, 10.3559, 10.1776]"
514,0.40226674,"[95.9373, 95.8303, 10.3915, 10.2133]"
515,0.39784777,"[95.9798, 95.8728, 10.349, 10.2558]"
516,0.39784447,"[95.9809, 95.8716, 10.3478, 10.257]"
517,0.39778723,"[95.9858, 95.8668, 10.343, 10.2521]"
518,0.39778443,"[95.9868, 95.8658, 10.3419, 10.2532]"
519,0.39769825,"[95.9809, 95.8717, 10.336, 10.2473]"
520,0.3976198,"[95.9753, 95.8773, 10.3303, 10.2416]"
521,0.39761671,"[95.9764, 95.8762, 10.3292, 10.2427]"
522,0.39761389,"[95.9775, 95.8751, 10.3282, 10.2438]"
523,0.39760244,"[95.9753, 95.8773, 10.326, 10.246]"
524,0.39759209,"[95.9732, 95.8793, 10.3239, 10.248]"
525,0.39759003,"[95.9742, 95.8784, 10.323, 10.2489]"
526,0.39758814,"[95.975, 95.8776, 10.3221, 10.2498]"
527,0.39758641,"[95.9759, 95.8767, 10.3213, 10.2507]"
528,0.3935966,"[96.0161, 95.9169, 10.2811, 10.2909]"
529,0.39354821,"[96.0205, 95.9125, 10.2767, 10.2864]"
530,0.3898789,"[96.0588, 95.9509, 10.2383, 10.3248]"
531,0.38986925,"[96.0569, 95.9528, 10.2403, 10.3228]"
532,0.38594098,"[96.0964, 95.9923, 10.2798, 10.2833]"
533,0.38233073,"[96.134, 96.03, 10.3175, 10.2457]"
534,0.38232909,"[96.1349, 96.0292, 10.3167, 10.2465]"
535,0.37963909,"[96.1673, 96.0616, 10.3491, 10.2789]"
536,0.3758488,"[96.2055, 96.0999, 10.3108, 10.3172]"
537,0.37573258,"[96.1989, 96.1066, 10.3041, 10.3105]"
538,0.37222809,"[96.2355, 96.1432, 10.3407, 10.2738]"
539,0.37222656,"[96.2363, 96.1424, 10.34, 10.2746]"
540,0.37214813,"[96.2417, 96.137, 10.3345, 10.2692]"
541,0.37214689,"[96.2424, 96.1363, 10.3338, 10.2698]"
542,0.36748041,"[96.2844, 96.1783, 10.2918, 10.2278]"
543,0.36747184,"[96.2826, 96.1801, 10.29, 10.2296]"
544,0.36314724,"[96.3228, 96.2202, 10.2499, 10.1895]"
545,0.36314622,"[96.3234, 96.2196, 10.2492, 10.1901]"
546,0.36311365,"[96.3199, 96.2231, 10.2458, 10.1866]"
547,0.35913468,"[96.3582, 96.2614, 10.2074, 10.1483]"
548,0.35602988,"[96.392, 96.2952, 10.2412, 10.182]"
549,0.35602235,"[96.3903, 96.2968, 10.2395, 10.1837]"
550,0.35599366,"[96.3871, 96.3001, 10.2363, 10.1804]"
551,0.35244007,"[96.423, 96.336, 10.2004, 10.2163]"
552,0.35243891,"[96.4223, 96.3366, 10.201, 10.2157]"
553,0.34916953,"[96.4566, 96.3709, 10.1668, 10.2499]"
554,0.34914302,"[96.4535, 96.3739, 10.1637, 10.2469]"
555,0.34558145,"[96.4891, 96.4095, 10.1993, 10.2113]"
556,0.34555539,"[96.4861, 96.4126, 10.1963, 10.2082]"
557,0.34278801,"[96.5173, 96.4438, 10.2275, 10.2395]"
558,0.34278791,"[96.5171, 96.444, 10.2273, 10.2397]"
559,0.34026446,"[96.5469, 96.4737, 10.257, 10.2694]"
560,0.34026437,"[96.5467, 96.4739, 10.2569, 10.2696]"
561,0.33796435,"[96.575, 96.5022, 10.2851, 10.2979]"
562,0.3378757,"[96.5805, 96.4966, 10.2796, 10.2923]"
563,0.33776837,"[96.5744, 96.5027, 10.2735, 10.2862]"
564,0.33467579,"[96.607, 96.5354, 10.2409, 10.3189]"
565,0.33183517,"[96.6382, 96.5665, 10.2098, 10.35]"
566,0.32828088,"[96.6728, 96.6011, 10.2444, 10.3153]"
567,0.32622908,"[96.699, 96.6274, 10.2706, 10.3416]"
568,0.32622654,"[96.7, 96.6264, 10.2716, 10.3407]"
569,0.32610889,"[96.7062, 96.6202, 10.2653, 10.3344]"
570,0.32176902,"[96.7441, 96.6581, 10.2274, 10.2965]"
571,0.31856252,"[96.7765, 96.6905, 10.2598, 10.2641]"
572,0.31561494,"[96.8075, 96.7214, 10.2907, 10.2331]"
573,0.31551815,"[96.8019, 96.727, 10.2852, 10.2276]"
574,0.31542999,"[96.7966, 96.7323, 10.2798, 10.2222]"
575,0.31542361,"[96.7951, 96.7338, 10.2784, 10.2237]"
576,0.31269895,"[96.8247, 96.7634, 10.308, 10.1941]"
577,0.310654,"[96.8503, 96.7889, 10.3335, 10.2196]"
578,0.31056392,"[96.8556, 96.7836, 10.3282, 10.2143]"
579,0.31045188,"[96.8497, 96.7896, 10.3222, 10.2083]"
580,0.31037476,"[96.8546, 96.7846, 10.3173, 10.2034]"
581,0.3070999,"[96.8868, 96.8168, 10.2851, 10.2355]"
582,0.30709889,"[96.8873, 96.8162, 10.2845, 10.2361]"
583,0.3044424,"[96.9162, 96.845, 10.3134, 10.2073]"
584,0.30125522,"[96.9476, 96.8765, 10.282, 10.2387]"
585,0.30115165,"[96.9419, 96.8821, 10.2763, 10.233]"
586,0.29926365,"[96.9661, 96.9062, 10.3004, 10.2571]"
587,0.29754393,"[96.989, 96.9292, 10.3233, 10.2801]"
588,0.29467912,"[97.0185, 96.9586, 10.2939, 10.3095]"
589,0.29467822,"[97.0179, 96.9592, 10.2944, 10.309]"
590,0.29052896,"[97.0532, 96.9944, 10.2592, 10.2738]"
591,0.28782548,"[97.0814, 97.0227, 10.2875, 10.2455]"
592,0.28772758,"[97.0868, 97.0173, 10.2821, 10.2401]"
593,0.28603587,"[97.1091, 97.0396, 10.3044, 10.2625]"
594,0.28327763,"[97.1375, 97.0679, 10.2761, 10.2908]"
595,0.28315201,"[97.1435, 97.0619, 10.27, 10.2848]"
596,0.281609,"[97.1646, 97.083, 10.2912, 10.3059]"
597,0.27902,"[97.1919, 97.1103, 10.3184, 10.2786]"
598,0.27764451,"[97.2117, 97.1301, 10.3382, 10.2985]"
599,0.27763952,"[97.2105, 97.1313, 10.337, 10.2996]"
600,0.2774521,"[97.2178, 97.124, 10.3297, 10.2924]"
601,0.27334159,"[97.2518, 97.158, 10.2957, 10.2583]"
602,0.2719083,"[97.2718, 97.178, 10.3157, 10.2784]"
603,0.26931602,"[97.2986, 97.2048, 10.2889, 10.3051]"
604,0.26803965,"[97.3174, 97.2236, 10.3077, 10.3239]"
605,0.26559823,"[97.3432, 97.2494, 10.3335, 10.2981]"
606,0.26152445,"[97.3763, 97.2825, 10.3004, 10.265]"
607,0.26133492,"[97.3692, 97.2896, 10.2933, 10.2578]"
608,0.2613304,"[97.3681, 97.2907, 10.2922, 10.2589]"
609,0.2590903,"[97.3925, 97.3152, 10.3166, 10.2345]"
610,0.25907588,"[97.3905, 97.3171, 10.3146, 10.2365]"
611,0.2553604,"[97.4218, 97.3484, 10.2834, 10.2052]"
612,0.2519093,"[97.4517, 97.3783, 10.2535, 10.1753]"
613,0.2518506,"[97.4556, 97.3744, 10.2496, 10.1714]"
614,0.24981404,"[97.4785, 97.3972, 10.2725, 10.1486]"
615,0.24978416,"[97.4757, 97.4, 10.2697, 10.1513]"
616,0.24822936,"[97.4956, 97.4199, 10.2896, 10.1712]"
617,0.24820221,"[97.493, 97.4226, 10.287, 10.1739]"
618,0.24632355,"[97.5148, 97.4444, 10.3088, 10.1521]"
619,0.24628002,"[97.5115, 97.4477, 10.3055, 10.1554]"
620,0.24625838,"[97.5138, 97.4453, 10.3031, 10.1577]"
621,0.24622047,"[97.5107, 97.4484, 10.3, 10.1608]"
622,0.24482843,"[97.5294, 97.4672, 10.3188, 10.1795]"
623,0.24479398,"[97.5265, 97.4701, 10.3158, 10.1825]"
624,0.24137889,"[97.5556, 97.4992, 10.2867, 10.1533]"
625,0.24127711,"[97.5506, 97.5042, 10.2817, 10.1483]"
626,0.24120718,"[97.5548, 97.5001, 10.2775, 10.1442]"
627,0.2381066,"[97.5823, 97.5276, 10.25, 10.1166]"
628,0.2380745,"[97.5795, 97.5304, 10.2472, 10.1194]"
629,0.23805782,"[97.5815, 97.5284, 10.2452, 10.1214]"
630,0.23800146,"[97.5778, 97.5321, 10.2415, 10.1177]"
631,0.2353638,"[97.6031, 97.5574, 10.2162, 10.143]"
632,0.2353265,"[97.6061, 97.5544, 10.2132, 10.14]"
633,0.2352768,"[97.6026, 97.5579, 10.2097, 10.1366]"
634,0.23523153,"[97.5993, 97.5612, 10.2064, 10.1333]"
635,0.23280082,"[97.6235, 97.5853, 10.1823, 10.1574]"
636,0.2328005,"[97.6237, 97.585, 10.182, 10.1577]"
637,0.23279862,"[97.6231, 97.5857, 10.1814, 10.1583]"
638,0.23056996,"[97.6461, 97.6087, 10.1584, 10.1813]"
639,0.23053636,"[97.6489, 97.6059, 10.1556, 10.1785]"
640,0.23049636,"[97.6458, 97.6089, 10.1525, 10.1754]"
641,0.22780612,"[97.6709, 97.634, 10.1274, 10.1503]"
642,0.2257712,"[97.6926, 97.6558, 10.1057, 10.1721]"
643,0.22390253,"[97.7134, 97.6765, 10.0849, 10.1928]"
644,0.22144235,"[97.737, 97.7002, 10.0613, 10.1691]"
645,0.22143568,"[97.7358, 97.7014, 10.06, 10.1679]"
646,0.21899602,"[97.7593, 97.7248, 10.0835, 10.1445]"
647,0.21675136,"[97.7816, 97.7472, 10.1059, 10.1221]"
648,0.21674373,"[97.7803, 97.7485, 10.1046, 10.1208]"
649,0.21674295,"[97.7799, 97.7489, 10.105, 10.1204]"
650,0.2167388,"[97.7809, 97.748, 10.104, 10.1194]"
651,0.21492804,"[97.8009, 97.768, 10.124, 10.1394]"
652,0.2149105,"[97.7989, 97.7699, 10.1221, 10.1375]"
653,0.21489452,"[97.7971, 97.7718, 10.1202, 10.1356]"
654,0.2132167,"[97.8162, 97.791, 10.1394, 10.1548]"
655,0.21319275,"[97.8185, 97.7887, 10.1371, 10.1525]"
656,0.21319205,"[97.8181, 97.7891, 10.1375, 10.1521]"
657,0.21164701,"[97.8365, 97.8075, 10.1558, 10.1705]"
658,0.21164636,"[97.8361, 97.8078, 10.1562, 10.1701]"
659,0.21160819,"[97.839, 97.805, 10.1533, 10.1672]"
660,0.20907084,"[97.8623, 97.8283, 10.13, 10.1439]"
661,0.20709924,"[97.8828, 97.8488, 10.1505, 10.1234]"
662,0.20557525,"[97.9008, 97.8668, 10.1684, 10.1413]"
663,0.20359147,"[97.9212, 97.8871, 10.148, 10.1617]"
664,0.2022249,"[97.938, 97.904, 10.1649, 10.1786]"
665,0.20033899,"[97.9577, 97.9237, 10.1846, 10.1589]"
666,0.19842076,"[97.9775, 97.9435, 10.1648, 10.1786]"
667,0.19835504,"[97.9739, 97.9471, 10.1612, 10.175]"
668,0.19713182,"[97.9896, 97.9629, 10.1769, 10.1907]"
669,0.19705886,"[97.9934, 97.9591, 10.1731, 10.1869]"
670,0.19446949,"[98.0162, 97.9818, 10.1503, 10.1641]"
671,0.19442808,"[98.0191, 97.979, 10.1475, 10.1613]"
672,0.19316549,"[98.0349, 97.9948, 10.1633, 10.1771]"
673,0.19067511,"[98.057, 98.0169, 10.1412, 10.155]"
674,0.18888917,"[98.0756, 98.0355, 10.1598, 10.1364]"
675,0.18888693,"[98.075, 98.0362, 10.1592, 10.137]"
676,0.18707924,"[98.0936, 98.0548, 10.1405, 10.1557]"
677,0.18703302,"[98.0907, 98.0578, 10.1375, 10.1527]"
678,0.18527522,"[98.109, 98.0761, 10.1558, 10.1344]"
679,0.18406139,"[98.1241, 98.0913, 10.171, 10.1496]"
680,0.18231108,"[98.1422, 98.1094, 10.1529, 10.1677]"
681,0.18224708,"[98.1388, 98.1128, 10.1494, 10.1642]"
682,0.18218877,"[98.1355, 98.1161, 10.1461, 10.1609]"
683,0.17989415,"[98.1561, 98.1367, 10.1255, 10.1403]"
684,0.17776678,"[98.1758, 98.1564, 10.1058, 10.1206]"
685,0.17608264,"[98.1933, 98.1739, 10.1233, 10.1032]"
686,0.17439112,"[98.2107, 98.1913, 10.1059, 10.1206]"
687,0.17244306,"[98.2293, 98.2099, 10.0873, 10.102]"
688,0.17104991,"[98.2449, 98.2256, 10.103, 10.1177]"
689,0.17104927,"[98.2446, 98.2259, 10.1033, 10.1173]"
690,0.17104912,"[98.2447, 98.2257, 10.1034, 10.1172]"
691,0.16977788,"[98.2596, 98.2406, 10.1184, 10.1321]"
692,0.16861851,"[98.2738, 98.2548, 10.1325, 10.1463]"
693,0.16712913,"[98.2898, 98.2708, 10.1165, 10.1622]"
694,0.16545282,"[98.3067, 98.2877, 10.1334, 10.1454]"
695,0.16398812,"[98.3224, 98.3034, 10.1177, 10.1611]"
696,0.16235077,"[98.339, 98.32, 10.1342, 10.1445]"
697,0.16235038,"[98.3387, 98.3202, 10.1345, 10.1443]"
698,0.16235001,"[98.3385, 98.3205, 10.1348, 10.144]"
699,0.16229919,"[98.3356, 98.3234, 10.1318, 10.1411]"
700,0.16079485,"[98.3513, 98.3391, 10.1476, 10.1254]"
701,0.15925698,"[98.3672, 98.355, 10.1317, 10.1412]"
702,0.15784331,"[98.3823, 98.3701, 10.1166, 10.1564]"
703,0.1568929,"[98.3947, 98.3825, 10.129, 10.1688]"
704,0.15682853,"[98.3979, 98.3793, 10.1258, 10.1655]"
705,0.15554418,"[98.4123, 98.3936, 10.1114, 10.1799]"
706,0.15553411,"[98.411, 98.3949, 10.1127, 10.1786]"
707,0.15466592,"[98.4228, 98.4067, 10.1245, 10.1904]"
708,0.15251944,"[98.4411, 98.425, 10.1061, 10.172]"
709,0.1524624,"[98.4381, 98.428, 10.1031, 10.169]"
710,0.15241043,"[98.4353, 98.4308, 10.1003, 10.1662]"
711,0.15236147,"[98.438, 98.4281, 10.0975, 10.1634]"
712,0.15043414,"[98.4553, 98.4453, 10.0803, 10.1461]"
713,0.15042497,"[98.4541, 98.4465, 10.0814, 10.145]"
714,0.14863779,"[98.4706, 98.4631, 10.0649, 10.1284]"
715,0.14748679,"[98.4838, 98.4763, 10.0517, 10.1416]"
716,0.14746887,"[98.4855, 98.4746, 10.0534, 10.14]"
717,0.14580879,"[98.5013, 98.4904, 10.0691, 10.1242]"
718,0.14465692,"[98.5144, 98.5035, 10.0561, 10.1373]"
719,0.1435999,"[98.5269, 98.516, 10.0436, 10.1498]"
720,0.14190348,"[98.5426, 98.5317, 10.0593, 10.134]"
721,0.14189099,"[98.5412, 98.5331, 10.0607, 10.1327]"
722,0.14187955,"[98.54, 98.5344, 10.0619, 10.1314]"
723,0.14186842,"[98.5412, 98.5331, 10.0632, 10.1301]"
724,0.14079257,"[98.5537, 98.5456, 10.0507, 10.1426]"
725,0.14077403,"[98.5521, 98.5472, 10.0524, 10.141]"
726,0.14075705,"[98.5505, 98.5488, 10.0539, 10.1394]"
727,0.14074089,"[98.549, 98.5503, 10.0524, 10.1379]"
728,0.14072559,"[98.5475, 98.5518, 10.0539, 10.1364]"
729,0.13914254,"[98.5626, 98.5668, 10.069, 10.1214]"
730,0.13804657,"[98.575, 98.5793, 10.0565, 10.1338]"
731,0.13650837,"[98.5897, 98.594, 10.0712, 10.1191]"
732,0.13509232,"[98.6038, 98.608, 10.0852, 10.1051]"
733,0.13392743,"[98.6164, 98.6207, 10.0726, 10.1178]"
734,0.13390724,"[98.6181, 98.619, 10.0709, 10.1161]"
735,0.13296455,"[98.6294, 98.6304, 10.0822, 10.1274]"
736,0.13295922,"[98.6303, 98.6295, 10.0831, 10.1266]"
737,0.1329544,"[98.6311, 98.6287, 10.0839, 10.1258]"
738,0.1313408,"[98.6459, 98.6435, 10.0691, 10.111]"
739,0.12984543,"[98.66, 98.6576, 10.055, 10.0969]"
740,0.12984131,"[98.6592, 98.6583, 10.0558, 10.0962]"
741,0.12883065,"[98.6708, 98.6699, 10.0673, 10.1077]"
742,0.12881611,"[98.6694, 98.6713, 10.066, 10.1064]"
743,0.12777512,"[98.6811, 98.683, 10.0543, 10.118]"
744,0.12775962,"[98.6826, 98.6816, 10.0528, 10.1166]"
745,0.12774551,"[98.6839, 98.6802, 10.0515, 10.1153]"
746,0.12773579,"[98.6828, 98.6813, 10.0526, 10.1141]"
747,0.12634913,"[98.6962, 98.6948, 10.066, 10.1007]"
748,0.12507293,"[98.709, 98.7076, 10.0789, 10.0879]"
749,0.12505955,"[98.7077, 98.7089, 10.0775, 10.0866]"
750,0.12366203,"[98.721, 98.7222, 10.0642, 10.0733]"
751,0.12249534,"[98.7332, 98.7343, 10.0763, 10.0611]"
752,0.12249014,"[98.734, 98.7335, 10.0755, 10.0603]"
753,0.12131283,"[98.7461, 98.7456, 10.0634, 10.0725]"
754,0.12130774,"[98.7453, 98.7464, 10.0626, 10.0717]"
755,0.12004084,"[98.7578, 98.7589, 10.0501, 10.0592]"
756,0.12004065,"[98.7576, 98.7591, 10.0503, 10.059]"
757,0.11886866,"[98.7696, 98.771, 10.0383, 10.0471]"
758,0.1177565,"[98.7812, 98.7827, 10.0499, 10.0587]"
759,0.11775625,"[98.7814, 98.7825, 10.0501, 10.0585]"
760,0.11664285,"[98.7929, 98.794, 10.0617, 10.0469]"
761,0.11551806,"[98.8045, 98.8056, 10.0501, 10.0585]"
762,0.11551783,"[98.8047, 98.8054, 10.0503, 10.0583]"
763,0.11437873,"[98.8162, 98.817, 10.0387, 10.0468]"
764,0.11437853,"[98.8164, 98.8169, 10.0389, 10.0466]"
765,0.11332089,"[98.8275, 98.828, 10.05, 10.0577]"
766,0.11230537,"[98.8383, 98.8388, 10.0391, 10.0686]"
767,0.11137254,"[98.8487, 98.8491, 10.0288, 10.0789]"
768,0.11026629,"[98.8599, 98.8603, 10.0176, 10.0677]"
769,0.10907063,"[98.8714, 98.8719, 10.0292, 10.0561]"
770,0.10906832,"[98.872, 98.8714, 10.0297, 10.0556]"
771,0.10906623,"[98.8724, 98.8709, 10.0302, 10.0551]"
772,0.1081456,"[98.8826, 98.881, 10.0201, 10.0652]"
773,0.10813989,"[98.8818, 98.8818, 10.0209, 10.0644]"
774,0.10813384,"[98.8826, 98.881, 10.0217, 10.0636]"
775,0.10715222,"[98.893, 98.8914, 10.0321, 10.074]"
776,0.10630859,"[98.9026, 98.901, 10.0225, 10.0836]"
777,0.106298,"[98.9015, 98.9021, 10.0236, 10.0826]"
778,0.10523206,"[98.9122, 98.9128, 10.0128, 10.0718]"
779,0.10522225,"[98.9112, 98.9138, 10.0139, 10.0708]"
780,0.10423645,"[98.9215, 98.9241, 10.0036, 10.0605]"
781,0.10423551,"[98.9218, 98.9238, 10.0039, 10.0608]"
782,0.10322806,"[98.9322, 98.9341, 10.0143, 10.0712]"
783,0.10322799,"[98.9321, 98.9342, 10.0142, 10.0711]"
784,0.10225364,"[98.9422, 98.9443, 10.0041, 10.061]"
785,0.10127128,"[98.9523, 98.9545, 10.0142, 10.0711]"
786,0.10037343,"[98.9619, 98.9641, 10.0238, 10.0808]"
787,0.09935246,"[98.9722, 98.9743, 10.0136, 10.0706]"
788,0.09934291,"[98.9712, 98.9753, 10.0146, 10.0696]"
789,0.09933417,"[98.9702, 98.9762, 10.0155, 10.0686]"
790,0.09859746,"[98.9789, 98.9849, 10.0069, 10.0773]"
791,0.09857932,"[98.9802, 98.9835, 10.0083, 10.0759]"
792,0.0985658,"[98.979, 98.9847, 10.0094, 10.0747]"
793,0.09742234,"[98.9898, 98.9954, 10.0201, 10.064]"
794,0.09636924,"[99.0, 99.0056, 10.0304, 10.0538]"
795,0.09636699,"[99.0004, 99.0051, 10.0308, 10.0533]"
796,0.09636557,"[99.0001, 99.0055, 10.0312, 10.053]"
797,0.0963653,"[98.9999, 99.0057, 10.031, 10.0528]"
798,0.09636505,"[98.9998, 99.0058, 10.0309, 10.0527]"
799,0.09544089,"[99.0093, 99.0154, 10.0214, 10.0431]"
800,0.09544079,"[99.0092, 99.0155, 10.0215, 10.0432]"
801,0.09458593,"[99.0183, 99.0246, 10.0124, 10.0341]"
802,0.09458337,"[99.0188, 99.0241, 10.0129, 10.0346]"
803,0.0937849,"[99.0276, 99.0328, 10.0041, 10.0434]"
804,0.09305184,"[99.0359, 99.0412, 9.9957, 10.0518]"
805,0.09227161,"[99.0445, 99.0498, 9.9871, 10.0432]"
806,0.09226713,"[99.0439, 99.0505, 9.9878, 10.0438]"
807,0.09226304,"[99.0432, 99.0511, 9.9884, 10.0445]"
808,0.09128229,"[99.0529, 99.0607, 9.998, 10.0541]"
809,0.09126945,"[99.0539, 99.0596, 9.9991, 10.053]"
810,0.09125782,"[99.055, 99.0585, 10.0001, 10.0519]"
811,0.09124729,"[99.056, 99.0576, 10.0011, 10.0509]"
812,0.09034972,"[99.0651, 99.0667, 10.0103, 10.0601]"
813,0.08968396,"[99.073, 99.0745, 10.0024, 10.0679]"
814,0.08887319,"[99.0816, 99.0831, 10.0111, 10.0765]"
815,0.08827212,"[99.089, 99.0905, 10.0037, 10.0839]"
816,0.08772111,"[99.096, 99.0976, 9.9966, 10.0909]"
817,0.0869987,"[99.104, 99.1056, 10.0047, 10.099]"
818,0.08696853,"[99.1024, 99.1073, 10.0063, 10.0973]"
819,0.0869348,"[99.1041, 99.1055, 10.008, 10.0956]"
820,0.08627489,"[99.1118, 99.1132, 10.0157, 10.1033]"
821,0.08624868,"[99.1103, 99.1147, 10.0172, 10.1017]"
822,0.08622467,"[99.1088, 99.1161, 10.0187, 10.1003]"
823,0.08570202,"[99.1156, 99.1229, 10.0119, 10.1071]"
824,0.08522317,"[99.1221, 99.1294, 10.0054, 10.1135]"
825,0.08426038,"[99.1312, 99.1385, 9.9963, 10.1044]"
826,0.08422041,"[99.1293, 99.1404, 9.9981, 10.1026]"
827,0.08358606,"[99.1367, 99.1478, 10.0055, 10.11]"
828,0.08264587,"[99.1457, 99.1567, 9.9966, 10.101]"
829,0.08150087,"[99.1555, 99.1665, 10.0064, 10.0912]"
830,0.0814762,"[99.154, 99.1679, 10.0078, 10.0898]"
831,0.08085982,"[99.1612, 99.1751, 10.015, 10.0969]"
832,0.07994599,"[99.1699, 99.1838, 10.0063, 10.0883]"
833,0.07947815,"[99.1761, 99.19, 10.0002, 10.0945]"
834,0.07947504,"[99.1755, 99.1905, 9.9997, 10.094]"
835,0.07944418,"[99.174, 99.192, 10.0012, 10.0924]"
836,0.07860655,"[99.1822, 99.2003, 9.993, 10.0841]"
837,0.07856598,"[99.184, 99.1985, 9.9948, 10.0823]"
838,0.07852921,"[99.1857, 99.1967, 9.9965, 10.0806]"
839,0.07787907,"[99.1929, 99.204, 10.0038, 10.0878]"
840,0.076857,"[99.2019, 99.2129, 10.0128, 10.0788]"
841,0.07637,"[99.2081, 99.2191, 10.0066, 10.085]"
842,0.07555755,"[99.2161, 99.2271, 9.9986, 10.0771]"
843,0.07553487,"[99.2147, 99.2284, 10.0, 10.0758]"
844,0.07551409,"[99.2135, 99.2297, 10.0012, 10.0745]"
845,0.07548647,"[99.2149, 99.2282, 10.0027, 10.073]"
846,0.07473384,"[99.2225, 99.2358, 9.9951, 10.0654]"
847,0.07403785,"[99.2298, 99.2431, 9.9878, 10.0582]"
848,0.073329,"[99.2371, 99.2504, 9.9951, 10.0655]"
849,0.07239567,"[99.2455, 99.2587, 10.0035, 10.0571]"
850,0.07171303,"[99.2525, 99.2658, 9.9964, 10.05]"
851,0.0717024,"[99.2517, 99.2667, 9.9973, 10.0492]"
852,0.07170238,"[99.2516, 99.2667, 9.9973, 10.0492]"
853,0.07170158,"[99.2519, 99.2665, 9.9976, 10.0494]"
854,0.07085188,"[99.2597, 99.2744, 10.0054, 10.0416]"
855,0.07084737,"[99.2592, 99.2749, 10.006, 10.041]"
856,0.07083978,"[99.2599, 99.2742, 10.0067, 10.0403]"
857,0.07083977,"[99.2599, 99.2742, 10.0068, 10.0403]"
858,0.07083919,"[99.2601, 99.274, 10.007, 10.0405]"
859,0.07083866,"[99.2603, 99.2738, 10.0072, 10.0407]"
860,0.07020709,"[99.267, 99.2806, 10.0004, 10.0339]"
861,0.06943873,"[99.2745, 99.288, 10.0078, 10.0265]"
862,0.06943769,"[99.2742, 99.2882, 10.0081, 10.0263]"
863,0.06885869,"[99.2806, 99.2946, 10.0017, 10.0199]"
864,0.06885308,"[99.2812, 99.294, 10.0024, 10.0205]"
865,0.06885209,"[99.2809, 99.2943, 10.0026, 10.0202]"
866,0.06885117,"[99.2807, 99.2945, 10.0029, 10.02]"
867,0.06884829,"[99.2802, 99.295, 10.0033, 10.0204]"
868,0.06815128,"[99.2872, 99.302, 10.0103, 10.0134]"
869,0.06814863,"[99.2868, 99.3024, 10.0107, 10.0139]"
870,0.06753321,"[99.2933, 99.3089, 10.0042, 10.0204]"
871,0.06753103,"[99.2937, 99.3086, 10.0046, 10.02]"
872,0.06752653,"[99.2943, 99.308, 10.0052, 10.0206]"
873,0.06752442,"[99.2939, 99.3084, 10.0055, 10.021]"
874,0.0675225,"[99.2935, 99.3087, 10.0059, 10.0213]"
875,0.0675205,"[99.2939, 99.3084, 10.0063, 10.021]"
876,0.06751871,"[99.2935, 99.3087, 10.0066, 10.0213]"
877,0.06684299,"[99.3004, 99.3155, 10.0135, 10.0145]"
878,0.06684297,"[99.3004, 99.3155, 10.0134, 10.0145]"
879,0.06630184,"[99.3065, 99.3216, 10.0073, 10.0085]"
880,0.06556709,"[99.3135, 99.3286, 10.0144, 10.0155]"
881,0.06495744,"[99.3199, 99.335, 10.0208, 10.0091]"
882,0.06429238,"[99.3265, 99.3416, 10.0274, 10.0158]"
883,0.06429199,"[99.3267, 99.3415, 10.0276, 10.0159]"
884,0.06429163,"[99.3269, 99.3413, 10.0277, 10.0161]"
885,0.06429133,"[99.3267, 99.3415, 10.0276, 10.0162]"
886,0.0636853,"[99.333, 99.3478, 10.0339, 10.0225]"
887,0.0636846,"[99.3332, 99.3476, 10.0337, 10.0223]"
888,0.06312922,"[99.3392, 99.3536, 10.0397, 10.0283]"
889,0.06251533,"[99.3455, 99.3598, 10.0334, 10.0346]"
890,0.06201511,"[99.3512, 99.3655, 10.0391, 10.0403]"
891,0.06201509,"[99.3512, 99.3655, 10.039, 10.0403]"
892,0.06201081,"[99.3507, 99.366, 10.0385, 10.0398]"
893,0.06201063,"[99.3508, 99.3659, 10.0386, 10.0397]"
894,0.06201047,"[99.3509, 99.3658, 10.0387, 10.0396]"
895,0.06133228,"[99.3574, 99.3723, 10.0322, 10.0331]"
896,0.0613311,"[99.3572, 99.3726, 10.0319, 10.0328]"
897,0.06133094,"[99.3573, 99.3725, 10.032, 10.0327]"
898,0.06076679,"[99.3632, 99.3784, 10.0379, 10.0267]"
899,0.06076556,"[99.3629, 99.3787, 10.0377, 10.0265]"
900,0.0607653,"[99.3628, 99.3788, 10.0375, 10.0266]"
901,0.06076274,"[99.3632, 99.3784, 10.0371, 10.0262]"
902,0.0607604,"[99.3636, 99.378, 10.0368, 10.0258]"
903,0.06016917,"[99.3696, 99.3841, 10.0307, 10.0319]"
904,0.0595582,"[99.3757, 99.3902, 10.0246, 10.0258]"
905,0.05955774,"[99.3759, 99.39, 10.0244, 10.0256]"
906,0.05955733,"[99.3761, 99.3899, 10.0243, 10.0254]"
907,0.05901735,"[99.3818, 99.3956, 10.0186, 10.0312]"
908,0.05843078,"[99.3877, 99.4015, 10.0245, 10.0252]"
909,0.05789137,"[99.3934, 99.4072, 10.0302, 10.0196]"
910,0.05738263,"[99.3989, 99.4127, 10.0357, 10.025]"
911,0.0573815,"[99.3986, 99.4129, 10.0354, 10.0248]"
912,0.05738125,"[99.3985, 99.4131, 10.0353, 10.0249]"
913,0.05738024,"[99.3983, 99.4133, 10.035, 10.0247]"
914,0.05737931,"[99.398, 99.4135, 10.0348, 10.0244]"
915,0.05679853,"[99.4038, 99.4194, 10.029, 10.0186]"
916,0.05679852,"[99.4038, 99.4194, 10.029, 10.0186]"
917,0.0567975,"[99.4041, 99.4191, 10.0287, 10.0188]"
918,0.05679731,"[99.404, 99.4192, 10.0286, 10.019]"
919,0.05624532,"[99.4096, 99.4249, 10.023, 10.0246]"
920,0.05624485,"[99.4098, 99.4247, 10.0228, 10.0244]"
921,0.05574676,"[99.4151, 99.4301, 10.0282, 10.0298]"
922,0.05574451,"[99.4155, 99.4297, 10.0278, 10.0294]"
923,0.05574376,"[99.4153, 99.4299, 10.0276, 10.0292]"
924,0.05524227,"[99.4206, 99.4353, 10.0223, 10.0346]"
925,0.05478149,"[99.4257, 99.4404, 10.0172, 10.0397]"
926,0.05477703,"[99.4262, 99.4399, 10.0177, 10.0392]"
927,0.05422237,"[99.4318, 99.4454, 10.0121, 10.0336]"
928,0.05422052,"[99.4315, 99.4457, 10.0124, 10.0333]"
929,0.05421883,"[99.4311, 99.446, 10.0127, 10.033]"
930,0.05364882,"[99.4368, 99.4516, 10.0183, 10.0274]"
931,0.05364769,"[99.437, 99.4514, 10.0186, 10.0271]"
932,0.05364768,"[99.437, 99.4514, 10.0186, 10.0271]"
933,0.05364753,"[99.4369, 99.4515, 10.0187, 10.027]"
934,0.05364739,"[99.4368, 99.4516, 10.0187, 10.0269]"
935,0.05364739,"[99.4368, 99.4516, 10.0187, 10.0269]"
936,0.05313786,"[99.4421, 99.4569, 10.0135, 10.0216]"
937,0.05313735,"[99.4422, 99.4567, 10.0136, 10.0218]"
938,0.05313735,"[99.4422, 99.4567, 10.0136, 10.0218]"
939,0.05261931,"[99.4475, 99.462, 10.0189, 10.0165]"
940,0.05261912,"[99.4476, 99.4619, 10.0188, 10.0166]"
941,0.05213044,"[99.4527, 99.467, 10.0137, 10.0217]"
942,0.05213044,"[99.4527, 99.467, 10.0137, 10.0217]"
943,0.05213031,"[99.4527, 99.4671, 10.0138, 10.0217]"
944,0.0516649,"[99.4576, 99.4721, 10.0088, 10.0167]"
945,0.05166394,"[99.4578, 99.4719, 10.0091, 10.0165]"
946,0.05123396,"[99.4626, 99.4766, 10.0043, 10.0117]"
947,0.05068166,"[99.468, 99.482, 10.0097, 10.0171]"
948,0.05024303,"[99.4727, 99.4867, 10.0049, 10.0218]"
949,0.04971969,"[99.4779, 99.4919, 10.0101, 10.0167]"
950,0.04922571,"[99.4829, 99.4969, 10.0151, 10.0217]"
951,0.04877397,"[99.4877, 99.5017, 10.0199, 10.0264]"
952,0.04877279,"[99.4879, 99.5015, 10.0196, 10.0262]"
953,0.04835832,"[99.4925, 99.506, 10.0242, 10.0307]"
954,0.0479422,"[99.497, 99.5105, 10.0196, 10.0353]"
955,0.04744922,"[99.5019, 99.5154, 10.0245, 10.0304]"
956,0.04744854,"[99.5021, 99.5152, 10.0247, 10.0302]"
957,0.04744793,"[99.5022, 99.5151, 10.0249, 10.03]"
958,0.04744447,"[99.5027, 99.5147, 10.0245, 10.0296]"
959,0.04744295,"[99.5024, 99.5149, 10.0242, 10.0293]"
960,0.0469918,"[99.5071, 99.5196, 10.0289, 10.0247]"
961,0.04662463,"[99.5113, 99.5238, 10.0331, 10.0289]"
962,0.0466243,"[99.5114, 99.5237, 10.033, 10.029]"
963,0.0466243,"[99.5114, 99.5237, 10.033, 10.029]"
964,0.04618974,"[99.5159, 99.5282, 10.0284, 10.0335]"
965,0.04585968,"[99.5199, 99.5322, 10.0324, 10.0375]"
966,0.04555864,"[99.5236, 99.5359, 10.0361, 10.0412]"
967,0.04516896,"[99.5279, 99.5402, 10.0319, 10.0455]"
968,0.04515778,"[99.5272, 99.5409, 10.0312, 10.0448]"
969,0.04479977,"[99.5312, 99.545, 10.0271, 10.0488]"
970,0.04431961,"[99.5359, 99.5496, 10.0318, 10.0442]"
971,0.04396547,"[99.5399, 99.5536, 10.0278, 10.0482]"
972,0.04396347,"[99.5396, 99.5539, 10.0281, 10.0479]"
973,0.0439527,"[99.5389, 99.5546, 10.0274, 10.0472]"
974,0.04348703,"[99.5435, 99.5592, 10.0319, 10.0426]"
975,0.0434867,"[99.5433, 99.5593, 10.0321, 10.0425]"
976,0.04294065,"[99.5483, 99.5642, 10.0272, 10.0376]"
977,0.04294034,"[99.5481, 99.5644, 10.0273, 10.0375]"
978,0.04293458,"[99.5476, 99.5649, 10.0268, 10.037]"
979,0.04293275,"[99.5479, 99.5646, 10.0271, 10.0367]"
980,0.0424301,"[99.5526, 99.5693, 10.0224, 10.032]"
981,0.04242842,"[99.5529, 99.569, 10.0226, 10.0317]"
982,0.04211725,"[99.5565, 99.5727, 10.0263, 10.0354]"
983,0.04183338,"[99.56, 99.5762, 10.0298, 10.0389]"
984,0.04183185,"[99.5603, 99.5759, 10.0301, 10.0386]"
985,0.04157301,"[99.5636, 99.5792, 10.0334, 10.042]"
986,0.04157284,"[99.5635, 99.5793, 10.0335, 10.0419]"
987,0.04156069,"[99.5628, 99.58, 10.0328, 10.0412]"
988,0.04102883,"[99.5676, 99.5848, 10.028, 10.0364]"
989,0.04102735,"[99.5678, 99.5845, 10.0283, 10.0362]"
990,0.04062884,"[99.5719, 99.5886, 10.0324, 10.0321]"
991,0.04062867,"[99.572, 99.5885, 10.0324, 10.032]"
992,0.04013769,"[99.5765, 99.593, 10.0279, 10.0275]"
993,0.03977539,"[99.5803, 99.5969, 10.0241, 10.0314]"
994,0.03976812,"[99.5809, 99.5963, 10.0236, 10.0308]"
995,0.0397615,"[99.5814, 99.5958, 10.023, 10.0303]"
996,0.03976039,"[99.5816, 99.5956, 10.0233, 10.0301]"
997,0.03975937,"[99.5818, 99.5954, 10.0235, 10.0299]"
998,0.03947558,"[99.5852, 99.5988, 10.0269, 10.0333]"
999,0.03947466,"[99.5854, 99.5986, 10.027, 10.0331]"
